{"stats":{"minecraft:picked_up":{"minecraft:oak_log":2,"minecraft:wheat_seeds":1,"minecraft:dirt":1},"minecraft:custom":{"minecraft:jump":82,"minecraft:time_since_rest":14034,"minecraft:leave_game":1,"minecraft:play_time":14034,"minecraft:sprint_one_cm":11315,"minecraft:time_since_death":14034,"minecraft:walk_one_cm":7201,"minecraft:total_world_time":14034,"minecraft:fall_one_cm":1463,"minecraft:drop":1,"minecraft:fly_one_cm":20848},"minecraft:dropped":{"minecraft:wheat_seeds":1},"minecraft:mined":{"minecraft:short_grass":9,"minecraft:grass_block":1,"minecraft:oak_log":2},"minecraft:used":{"minecraft:oak_log":2,"minecraft:dirt":1}},"DataVersion":3955}