{"stats":{"minecraft:killed_by":{"minecraft:creeper":2,"minecraft:zombie":1,"minecraft:drowned":1},"minecraft:crafted":{"minecraft:cooked_beef":5,"minecraft:cooked_cod":1,"minecraft:oak_planks":28,"minecraft:cooked_porkchop":9,"minecraft:crafting_table":2,"minecraft:pink_bed":1,"minecraft:iron_helmet":2,"minecraft:wooden_pickaxe":1,"minecraft:iron_sword":1,"minecraft:furnace":2,"minecraft:pink_dye":2,"minecraft:cooked_mutton":1,"minecraft:air":0,"minecraft:iron_boots":2,"minecraft:iron_chestplate":1,"minecraft:diamond_pickaxe":1,"minecraft:shield":1,"minecraft:stick":28,"minecraft:iron_ingot":48,"minecraft:iron_pickaxe":2,"minecraft:wooden_axe":1,"minecraft:chest":1,"minecraft:iron_leggings":1,"minecraft:white_bed":1,"minecraft:acacia_planks":28,"minecraft:torch":96},"minecraft:broken":{"minecraft:iron_pickaxe":1},"minecraft:picked_up":{"minecraft:pink_petals":21,"minecraft:cocoa_beans":15,"minecraft:crafting_table":2,"minecraft:iron_chestplate":1,"minecraft:azure_bluet":51,"minecraft:andesite":5,"minecraft:leather_leggings":2,"minecraft:leather":4,"minecraft:tuff":7,"minecraft:oak_log":12,"minecraft:dirt":41,"minecraft:cornflower":22,"minecraft:string":16,"minecraft:leather_boots":1,"minecraft:bone":2,"minecraft:wheat_seeds":6,"minecraft:smooth_stone":2,"minecraft:cobbled_deepslate":46,"minecraft:raw_gold":3,"minecraft:beef":5,"minecraft:poppy":19,"minecraft:iron_pickaxe":1,"minecraft:melon_slice":9,"minecraft:chest":1,"minecraft:oak_planks":17,"minecraft:furnace":2,"minecraft:raw_iron":44,"minecraft:stick":7,"minecraft:torch":9,"minecraft:acacia_log":7,"minecraft:dandelion":4,"minecraft:carrot":1,"minecraft:lily_of_the_valley":17,"minecraft:spider_eye":3,"minecraft:leather_helmet":1,"minecraft:arrow":2,"minecraft:rotten_flesh":7,"minecraft:diamond":14,"minecraft:bread":4,"minecraft:mutton":3,"minecraft:cod":3,"minecraft:coal":149,"minecraft:white_wool":2,"minecraft:cobblestone":51},"minecraft:custom":{"minecraft:interact_with_furnace":31,"minecraft:mob_kills":18,"minecraft:animals_bred":1,"minecraft:interact_with_crafting_table":22,"minecraft:bell_ring":14,"minecraft:leave_game":1,"minecraft:time_since_death":35648,"minecraft:climb_one_cm":3700,"minecraft:time_since_rest":35688,"minecraft:sprint_one_cm":247698,"minecraft:damage_taken":3483,"minecraft:walk_one_cm":439323,"minecraft:damage_blocked_by_shield":25,"minecraft:drop":6,"minecraft:damage_dealt":2584,"minecraft:swim_one_cm":26967,"minecraft:fly_one_cm":198561,"minecraft:talked_to_villager":3,"minecraft:open_chest":16,"minecraft:play_time":153729,"minecraft:crouch_one_cm":14845,"minecraft:sneak_time":4007,"minecraft:deaths":7,"minecraft:walk_under_water_one_cm":21192,"minecraft:jump":1616,"minecraft:walk_on_water_one_cm":11716,"minecraft:total_world_time":153729,"minecraft:fall_one_cm":58543},"minecraft:mined":{"minecraft:tuff":4,"minecraft:acacia_leaves":1,"minecraft:deepslate_diamond_ore":14,"minecraft:lily_of_the_valley":17,"minecraft:dandelion":5,"minecraft:crafting_table":2,"minecraft:cornflower":22,"minecraft:torch":2,"minecraft:short_grass":20,"minecraft:acacia_log":8,"minecraft:grass_block":7,"minecraft:poppy":19,"minecraft:melon":2,"minecraft:chest":1,"minecraft:tall_grass":2,"minecraft:deepslate_gold_ore":3,"minecraft:oak_planks":3,"minecraft:wall_torch":5,"minecraft:spawner":1,"minecraft:seagrass":1,"minecraft:smooth_stone":1,"minecraft:furnace":2,"minecraft:cobbled_deepslate":4,"minecraft:andesite":5,"minecraft:azure_bluet":52,"minecraft:oak_log":11,"minecraft:coal_ore":152,"minecraft:cocoa":5,"minecraft:dirt_path":2,"minecraft:deepslate_iron_ore":44,"minecraft:dirt":20,"minecraft:cobweb":10,"minecraft:stone":52,"minecraft:oak_leaves":3,"minecraft:deepslate":40},"minecraft:used":{"minecraft:cooked_mutton":1,"minecraft:leather_leggings":1,"minecraft:stone_sword":54,"minecraft:chest":2,"minecraft:wooden_pickaxe":3,"minecraft:shield":1,"minecraft:iron_sword":42,"minecraft:rotten_flesh":2,"minecraft:iron_chestplate":2,"minecraft:torch":55,"minecraft:dirt":30,"minecraft:crafting_table":3,"minecraft:carrot":1,"minecraft:tuff":6,"minecraft:wooden_axe":5,"minecraft:bread":11,"minecraft:melon_slice":9,"minecraft:iron_pickaxe":330,"minecraft:iron_helmet":2,"minecraft:iron_boots":2,"minecraft:pink_bed":1,"minecraft:cobblestone":186,"minecraft:cooked_cod":1,"minecraft:furnace":3,"minecraft:cooked_porkchop":4,"minecraft:andesite":4,"minecraft:cobbled_deepslate":35,"minecraft:iron_leggings":1},"minecraft:killed":{"minecraft:cave_spider":5,"minecraft:cod":3,"minecraft:sheep":2,"minecraft:skeleton":1,"minecraft:zombie":4,"minecraft:cow":3},"minecraft:dropped":{"minecraft:tuff":1,"minecraft:cobblestone":64,"minecraft:oak_planks":15,"minecraft:cooked_mutton":6,"minecraft:smooth_stone":2}},"DataVersion":3955}