{"stats":{"minecraft:killed_by":{"minecraft:creeper":2,"minecraft:zombie":1,"minecraft:drowned":1},"minecraft:crafted":{"minecraft:cooked_beef":5,"minecraft:cooked_cod":1,"minecraft:oak_planks":28,"minecraft:cooked_porkchop":9,"minecraft:crafting_table":2,"minecraft:pink_bed":1,"minecraft:wooden_pickaxe":1,"minecraft:iron_helmet":2,"minecraft:iron_sword":1,"minecraft:furnace":2,"minecraft:pink_dye":2,"minecraft:air":0,"minecraft:iron_boots":1,"minecraft:iron_chestplate":1,"minecraft:diamond_pickaxe":1,"minecraft:shield":1,"minecraft:stick":24,"minecraft:iron_ingot":30,"minecraft:iron_pickaxe":1,"minecraft:wooden_axe":1,"minecraft:chest":1,"minecraft:white_bed":1,"minecraft:acacia_planks":28,"minecraft:torch":76},"minecraft:picked_up":{"minecraft:pink_petals":21,"minecraft:cocoa_beans":15,"minecraft:iron_chestplate":1,"minecraft:crafting_table":1,"minecraft:azure_bluet":51,"minecraft:andesite":5,"minecraft:leather_leggings":2,"minecraft:leather":4,"minecraft:tuff":4,"minecraft:oak_log":7,"minecraft:dirt":41,"minecraft:cornflower":22,"minecraft:leather_boots":1,"minecraft:wheat_seeds":6,"minecraft:cobbled_deepslate":25,"minecraft:smooth_stone":2,"minecraft:raw_gold":3,"minecraft:beef":5,"minecraft:poppy":19,"minecraft:iron_pickaxe":1,"minecraft:melon_slice":9,"minecraft:chest":1,"minecraft:oak_planks":15,"minecraft:furnace":1,"minecraft:stick":7,"minecraft:raw_iron":36,"minecraft:torch":6,"minecraft:acacia_log":7,"minecraft:dandelion":4,"minecraft:carrot":1,"minecraft:lily_of_the_valley":17,"minecraft:leather_helmet":1,"minecraft:arrow":2,"minecraft:rotten_flesh":4,"minecraft:diamond":4,"minecraft:bread":4,"minecraft:coal":149,"minecraft:mutton":3,"minecraft:cod":3,"minecraft:white_wool":2,"minecraft:cobblestone":51},"minecraft:custom":{"minecraft:interact_with_furnace":26,"minecraft:mob_kills":10,"minecraft:animals_bred":1,"minecraft:interact_with_crafting_table":18,"minecraft:bell_ring":14,"minecraft:time_since_death":15799,"minecraft:climb_one_cm":3700,"minecraft:time_since_rest":15839,"minecraft:sprint_one_cm":228066,"minecraft:damage_taken":3066,"minecraft:walk_one_cm":366266,"minecraft:damage_blocked_by_shield":25,"minecraft:drop":6,"minecraft:damage_dealt":1145,"minecraft:talked_to_villager":3,"minecraft:swim_one_cm":26673,"minecraft:fly_one_cm":183145,"minecraft:open_chest":16,"minecraft:crouch_one_cm":13805,"minecraft:play_time":133880,"minecraft:deaths":7,"minecraft:sneak_time":3811,"minecraft:walk_under_water_one_cm":10061,"minecraft:jump":1407,"minecraft:walk_on_water_one_cm":8401,"minecraft:total_world_time":133880,"minecraft:fall_one_cm":54339},"minecraft:mined":{"minecraft:tuff":1,"minecraft:acacia_leaves":1,"minecraft:deepslate_diamond_ore":4,"minecraft:lily_of_the_valley":17,"minecraft:dandelion":5,"minecraft:crafting_table":1,"minecraft:cornflower":22,"minecraft:short_grass":20,"minecraft:acacia_log":8,"minecraft:grass_block":7,"minecraft:poppy":19,"minecraft:melon":2,"minecraft:chest":1,"minecraft:tall_grass":2,"minecraft:deepslate_gold_ore":3,"minecraft:wall_torch":4,"minecraft:seagrass":1,"minecraft:smooth_stone":1,"minecraft:furnace":1,"minecraft:cobbled_deepslate":1,"minecraft:andesite":5,"minecraft:azure_bluet":52,"minecraft:dirt_path":2,"minecraft:oak_log":6,"minecraft:coal_ore":152,"minecraft:deepslate_iron_ore":36,"minecraft:cocoa":5,"minecraft:dirt":20,"minecraft:stone":52,"minecraft:deepslate":22,"minecraft:oak_leaves":3},"minecraft:used":{"minecraft:leather_leggings":1,"minecraft:stone_sword":8,"minecraft:shield":1,"minecraft:chest":2,"minecraft:wooden_pickaxe":3,"minecraft:iron_sword":42,"minecraft:rotten_flesh":2,"minecraft:iron_chestplate":2,"minecraft:torch":38,"minecraft:dirt":30,"minecraft:crafting_table":3,"minecraft:carrot":1,"minecraft:tuff":3,"minecraft:wooden_axe":5,"minecraft:bread":5,"minecraft:melon_slice":9,"minecraft:iron_pickaxe":283,"minecraft:iron_helmet":2,"minecraft:iron_boots":1,"minecraft:pink_bed":1,"minecraft:cobblestone":186,"minecraft:furnace":3,"minecraft:cooked_cod":1,"minecraft:cooked_porkchop":4,"minecraft:andesite":4,"minecraft:cobbled_deepslate":15},"minecraft:killed":{"minecraft:cod":3,"minecraft:sheep":2,"minecraft:zombie":2,"minecraft:cow":3},"minecraft:dropped":{"minecraft:tuff":1,"minecraft:cobblestone":64,"minecraft:oak_planks":15,"minecraft:cooked_mutton":6,"minecraft:smooth_stone":2}},"DataVersion":3955}