{"stats":{"minecraft:killed_by":{"minecraft:creeper":2,"minecraft:drowned":1,"minecraft:zombie":1},"minecraft:crafted":{"minecraft:cherry_planks":8,"minecraft:oak_door":3,"minecraft:oak_planks":92,"minecraft:pink_bed":1,"minecraft:cooked_chicken":7,"minecraft:furnace":2,"minecraft:diamond_shovel":1,"minecraft:pink_dye":2,"minecraft:cooked_mutton":1,"minecraft:iron_boots":2,"minecraft:iron_axe":1,"minecraft:chest":3,"minecraft:cooked_beef":6,"minecraft:cooked_cod":1,"minecraft:cooked_porkchop":9,"minecraft:crafting_table":2,"minecraft:iron_helmet":2,"minecraft:baked_potato":8,"minecraft:wooden_pickaxe":1,"minecraft:iron_sword":2,"minecraft:bucket":1,"minecraft:bread":2,"minecraft:air":0,"minecraft:iron_chestplate":1,"minecraft:wooden_hoe":1,"minecraft:diamond_pickaxe":1,"minecraft:shield":2,"minecraft:stick":48,"minecraft:iron_ingot":79,"minecraft:iron_pickaxe":4,"minecraft:wooden_axe":1,"minecraft:iron_leggings":1,"minecraft:gold_ingot":5,"minecraft:white_bed":1,"minecraft:acacia_planks":28,"minecraft:torch":132},"minecraft:broken":{"minecraft:stone_sword":1,"minecraft:iron_pickaxe":2},"minecraft:used":{"minecraft:stone_sword":95,"minecraft:chest":4,"minecraft:shield":6,"minecraft:iron_sword":83,"minecraft:oak_door":3,"minecraft:cooked_chicken":7,"minecraft:rotten_flesh":7,"minecraft:iron_chestplate":2,"minecraft:torch":87,"minecraft:dirt":58,"minecraft:carrot":21,"minecraft:tuff":6,"minecraft:wooden_axe":5,"minecraft:iron_axe":15,"minecraft:iron_helmet":2,"minecraft:iron_boots":2,"minecraft:furnace":9,"minecraft:cooked_cod":1,"minecraft:egg":1,"minecraft:cooked_beef":1,"minecraft:potato":4,"minecraft:cobbled_deepslate":46,"minecraft:iron_leggings":1,"minecraft:wheat_seeds":18,"minecraft:cooked_mutton":1,"minecraft:water_bucket":8,"minecraft:leather_leggings":1,"minecraft:baked_potato":2,"minecraft:wooden_pickaxe":3,"minecraft:glow_berries":5,"minecraft:crafting_table":6,"minecraft:wooden_hoe":35,"minecraft:diamond_shovel":99,"minecraft:bread":15,"minecraft:melon_slice":9,"minecraft:iron_pickaxe":619,"minecraft:gravel":1,"minecraft:pink_bed":1,"minecraft:cobblestone":339,"minecraft:cooked_porkchop":4,"minecraft:andesite":4,"minecraft:bucket":8},"minecraft:mined":{"minecraft:tuff":5,"minecraft:farmland":1,"minecraft:pink_bed":1,"minecraft:deepslate_diamond_ore":15,"minecraft:acacia_log":8,"minecraft:allium":13,"minecraft:grass_block":112,"minecraft:oxeye_daisy":8,"minecraft:spawner":3,"minecraft:smooth_stone":1,"minecraft:furnace":7,"minecraft:carrots":5,"minecraft:iron_ore":10,"minecraft:cobbled_deepslate":5,"minecraft:andesite":5,"minecraft:azure_bluet":101,"minecraft:peony":1,"minecraft:red_tulip":34,"minecraft:potatoes":3,"minecraft:deepslate_iron_ore":60,"minecraft:dirt_path":2,"minecraft:pink_tulip":23,"minecraft:stone":212,"minecraft:white_tulip":20,"minecraft:acacia_leaves":1,"minecraft:lily_of_the_valley":17,"minecraft:dandelion":10,"minecraft:crafting_table":4,"minecraft:cornflower":25,"minecraft:torch":3,"minecraft:short_grass":30,"minecraft:poppy":20,"minecraft:melon":2,"minecraft:chest":1,"minecraft:tall_grass":5,"minecraft:cobblestone":9,"minecraft:deepslate_gold_ore":3,"minecraft:oak_planks":4,"minecraft:wall_torch":7,"minecraft:pink_petals":27,"minecraft:seagrass":1,"minecraft:wheat":7,"minecraft:orange_tulip":15,"minecraft:oak_log":22,"minecraft:coal_ore":211,"minecraft:cocoa":5,"minecraft:gravel":1,"minecraft:dirt":42,"minecraft:cobweb":47,"minecraft:oak_leaves":3,"minecraft:deepslate":63},"minecraft:custom":{"minecraft:mob_kills":37,"minecraft:animals_bred":1,"minecraft:interact_with_crafting_table":37,"minecraft:bell_ring":14,"minecraft:leave_game":3,"minecraft:time_since_death":23961,"minecraft:climb_one_cm":3700,"minecraft:sprint_one_cm":374413,"minecraft:walk_one_cm":725100,"minecraft:damage_blocked_by_shield":145,"minecraft:drop":17,"minecraft:talked_to_villager":4,"minecraft:play_time":251518,"minecraft:sneak_time":4448,"minecraft:deaths":8,"minecraft:walk_under_water_one_cm":53571,"minecraft:jump":2612,"minecraft:walk_on_water_one_cm":26645,"minecraft:total_world_time":251518,"minecraft:interact_with_furnace":63,"minecraft:sleep_in_bed":2,"minecraft:time_since_rest":7220,"minecraft:damage_taken":4768,"minecraft:damage_dealt":4522,"minecraft:swim_one_cm":50141,"minecraft:fly_one_cm":311670,"minecraft:open_chest":35,"minecraft:crouch_one_cm":16159,"minecraft:fall_one_cm":86411},"minecraft:dropped":{"minecraft:iron_sword":1,"minecraft:wheat_seeds":1,"minecraft:feather":9,"minecraft:cobblestone":70,"minecraft:iron_pickaxe":1,"minecraft:smooth_stone":2,"minecraft:pink_petals":13,"minecraft:cobbled_deepslate":15,"minecraft:tuff":2,"minecraft:rotten_flesh":1,"minecraft:oak_planks":15,"minecraft:cooked_mutton":6,"minecraft:poppy":1,"minecraft:leather_leggings":1},"minecraft:picked_up":{"minecraft:allium":13,"minecraft:cocoa_beans":15,"minecraft:crafting_table":4,"minecraft:iron_chestplate":2,"minecraft:azure_bluet":100,"minecraft:wheat":7,"minecraft:chicken":8,"minecraft:leather_leggings":2,"minecraft:shield":1,"minecraft:cornflower":25,"minecraft:string":56,"minecraft:iron_axe":1,"minecraft:iron_leggings":1,"minecraft:cobbled_deepslate":69,"minecraft:smooth_stone":2,"minecraft:beef":6,"minecraft:white_tulip":20,"minecraft:poppy":20,"minecraft:iron_pickaxe":3,"minecraft:melon_slice":9,"minecraft:chest":1,"minecraft:furnace":7,"minecraft:egg":5,"minecraft:iron_boots":1,"minecraft:stick":11,"minecraft:raw_iron":70,"minecraft:torch":18,"minecraft:acacia_log":7,"minecraft:carrot":21,"minecraft:arrow":2,"minecraft:rotten_flesh":9,"minecraft:red_tulip":33,"minecraft:pink_tulip":22,"minecraft:saddle":1,"minecraft:mutton":3,"minecraft:cod":3,"minecraft:white_wool":2,"minecraft:cobblestone":237,"minecraft:oxeye_daisy":8,"minecraft:pink_petals":105,"minecraft:feather":9,"minecraft:andesite":5,"minecraft:salmon":3,"minecraft:leather":5,"minecraft:potato":12,"minecraft:tuff":10,"minecraft:oak_log":23,"minecraft:dirt":161,"minecraft:leather_boots":1,"minecraft:bone":2,"minecraft:wheat_seeds":25,"minecraft:orange_tulip":15,"minecraft:raw_gold":3,"minecraft:iron_ingot":1,"minecraft:iron_sword":2,"minecraft:oak_planks":18,"minecraft:pink_bed":1,"minecraft:dandelion":9,"minecraft:gravel":1,"minecraft:lily_of_the_valley":17,"minecraft:spider_eye":6,"minecraft:leather_helmet":1,"minecraft:diamond":15,"minecraft:iron_helmet":1,"minecraft:bread":4,"minecraft:coal":210,"minecraft:diamond_pickaxe":1},"minecraft:killed":{"minecraft:cave_spider":8,"minecraft:spider":1,"minecraft:cod":3,"minecraft:skeleton":2,"minecraft:chicken":7,"minecraft:salmon":3,"minecraft:sheep":2,"minecraft:zombie":6,"minecraft:cow":4}},"DataVersion":3955}