{"stats":{"minecraft:killed_by":{"minecraft:creeper":1,"minecraft:drowned":1},"minecraft:crafted":{"minecraft:cooked_beef":5,"minecraft:cooked_cod":1,"minecraft:oak_planks":24,"minecraft:cooked_porkchop":9,"minecraft:crafting_table":1,"minecraft:pink_bed":1,"minecraft:wooden_pickaxe":1,"minecraft:iron_helmet":1,"minecraft:iron_sword":1,"minecraft:furnace":1,"minecraft:pink_dye":2,"minecraft:air":0,"minecraft:iron_boots":1,"minecraft:iron_chestplate":1,"minecraft:shield":1,"minecraft:stick":24,"minecraft:iron_ingot":24,"minecraft:iron_pickaxe":1,"minecraft:wooden_axe":1,"minecraft:chest":1,"minecraft:white_bed":1,"minecraft:acacia_planks":28,"minecraft:torch":68},"minecraft:picked_up":{"minecraft:cocoa_beans":15,"minecraft:crafting_table":1,"minecraft:azure_bluet":51,"minecraft:andesite":5,"minecraft:leather_leggings":1,"minecraft:leather":4,"minecraft:oak_log":6,"minecraft:dirt":25,"minecraft:cornflower":22,"minecraft:leather_boots":1,"minecraft:wheat_seeds":5,"minecraft:smooth_stone":2,"minecraft:raw_gold":3,"minecraft:beef":5,"minecraft:poppy":19,"minecraft:melon_slice":9,"minecraft:chest":1,"minecraft:oak_planks":15,"minecraft:furnace":1,"minecraft:raw_iron":12,"minecraft:torch":1,"minecraft:acacia_log":7,"minecraft:dandelion":4,"minecraft:lily_of_the_valley":17,"minecraft:leather_helmet":1,"minecraft:coal":61,"minecraft:mutton":2,"minecraft:cod":3,"minecraft:white_wool":2,"minecraft:cobblestone":40},"minecraft:custom":{"minecraft:interact_with_furnace":23,"minecraft:mob_kills":8,"minecraft:animals_bred":1,"minecraft:interact_with_crafting_table":15,"minecraft:time_since_death":70863,"minecraft:climb_one_cm":3700,"minecraft:time_since_rest":70989,"minecraft:sprint_one_cm":129662,"minecraft:damage_taken":891,"minecraft:walk_one_cm":194635,"minecraft:drop":5,"minecraft:damage_dealt":598,"minecraft:swim_one_cm":26673,"minecraft:fly_one_cm":113415,"minecraft:open_chest":10,"minecraft:crouch_one_cm":6335,"minecraft:play_time":73880,"minecraft:deaths":2,"minecraft:sneak_time":1926,"minecraft:walk_under_water_one_cm":9443,"minecraft:jump":818,"minecraft:walk_on_water_one_cm":5088,"minecraft:total_world_time":73880,"minecraft:fall_one_cm":23125},"minecraft:mined":{"minecraft:acacia_leaves":1,"minecraft:lily_of_the_valley":17,"minecraft:dandelion":5,"minecraft:crafting_table":1,"minecraft:cornflower":22,"minecraft:short_grass":20,"minecraft:acacia_log":8,"minecraft:grass_block":5,"minecraft:poppy":19,"minecraft:melon":2,"minecraft:chest":1,"minecraft:deepslate_gold_ore":3,"minecraft:wall_torch":1,"minecraft:seagrass":1,"minecraft:smooth_stone":1,"minecraft:furnace":1,"minecraft:andesite":5,"minecraft:azure_bluet":52,"minecraft:oak_log":6,"minecraft:coal_ore":61,"minecraft:deepslate_iron_ore":12,"minecraft:cocoa":5,"minecraft:dirt":19,"minecraft:stone":42,"minecraft:oak_leaves":3},"minecraft:used":{"minecraft:chest":2,"minecraft:wooden_pickaxe":3,"minecraft:iron_sword":38,"minecraft:iron_chestplate":1,"minecraft:torch":21,"minecraft:dirt":14,"minecraft:crafting_table":2,"minecraft:wooden_axe":5,"minecraft:melon_slice":9,"minecraft:iron_pickaxe":127,"minecraft:iron_helmet":1,"minecraft:iron_boots":1,"minecraft:pink_bed":1,"minecraft:cobblestone":124,"minecraft:furnace":2,"minecraft:cooked_cod":1,"minecraft:cooked_porkchop":4},"minecraft:killed":{"minecraft:cod":3,"minecraft:sheep":2,"minecraft:cow":3},"minecraft:dropped":{"minecraft:cobblestone":64,"minecraft:oak_planks":15,"minecraft:cooked_mutton":6,"minecraft:smooth_stone":2}},"DataVersion":3955}