{"stats":{"minecraft:killed_by":{"minecraft:creeper":1,"minecraft:zombie":1,"minecraft:drowned":1},"minecraft:crafted":{"minecraft:cooked_beef":5,"minecraft:cooked_cod":1,"minecraft:oak_planks":24,"minecraft:cooked_porkchop":9,"minecraft:crafting_table":1,"minecraft:pink_bed":1,"minecraft:wooden_pickaxe":1,"minecraft:iron_helmet":1,"minecraft:iron_sword":1,"minecraft:furnace":1,"minecraft:pink_dye":2,"minecraft:air":0,"minecraft:iron_boots":1,"minecraft:iron_chestplate":1,"minecraft:shield":1,"minecraft:stick":24,"minecraft:iron_ingot":24,"minecraft:iron_pickaxe":1,"minecraft:wooden_axe":1,"minecraft:chest":1,"minecraft:white_bed":1,"minecraft:acacia_planks":28,"minecraft:torch":68},"minecraft:picked_up":{"minecraft:pink_petals":21,"minecraft:cocoa_beans":15,"minecraft:crafting_table":1,"minecraft:azure_bluet":51,"minecraft:andesite":5,"minecraft:leather_leggings":1,"minecraft:leather":4,"minecraft:oak_log":6,"minecraft:dirt":39,"minecraft:cornflower":22,"minecraft:leather_boots":1,"minecraft:wheat_seeds":6,"minecraft:smooth_stone":2,"minecraft:raw_gold":3,"minecraft:beef":5,"minecraft:poppy":19,"minecraft:melon_slice":9,"minecraft:chest":1,"minecraft:oak_planks":15,"minecraft:furnace":1,"minecraft:raw_iron":12,"minecraft:torch":2,"minecraft:acacia_log":7,"minecraft:dandelion":4,"minecraft:lily_of_the_valley":17,"minecraft:leather_helmet":1,"minecraft:rotten_flesh":1,"minecraft:coal":138,"minecraft:mutton":2,"minecraft:cod":3,"minecraft:white_wool":2,"minecraft:cobblestone":51},"minecraft:custom":{"minecraft:interact_with_furnace":23,"minecraft:mob_kills":9,"minecraft:animals_bred":1,"minecraft:interact_with_crafting_table":15,"minecraft:time_since_death":955,"minecraft:climb_one_cm":3700,"minecraft:time_since_rest":990,"minecraft:sprint_one_cm":155142,"minecraft:damage_taken":2486,"minecraft:walk_one_cm":269405,"minecraft:damage_blocked_by_shield":25,"minecraft:drop":5,"minecraft:damage_dealt":835,"minecraft:talked_to_villager":3,"minecraft:swim_one_cm":26673,"minecraft:fly_one_cm":125339,"minecraft:open_chest":10,"minecraft:crouch_one_cm":12362,"minecraft:play_time":109880,"minecraft:deaths":6,"minecraft:sneak_time":3362,"minecraft:walk_under_water_one_cm":9443,"minecraft:jump":1066,"minecraft:walk_on_water_one_cm":5088,"minecraft:total_world_time":109880,"minecraft:fall_one_cm":43439},"minecraft:mined":{"minecraft:acacia_leaves":1,"minecraft:lily_of_the_valley":17,"minecraft:dandelion":5,"minecraft:crafting_table":1,"minecraft:cornflower":22,"minecraft:short_grass":20,"minecraft:acacia_log":8,"minecraft:grass_block":5,"minecraft:poppy":19,"minecraft:melon":2,"minecraft:chest":1,"minecraft:deepslate_gold_ore":3,"minecraft:wall_torch":2,"minecraft:seagrass":1,"minecraft:smooth_stone":1,"minecraft:furnace":1,"minecraft:andesite":5,"minecraft:azure_bluet":52,"minecraft:dirt_path":2,"minecraft:oak_log":6,"minecraft:coal_ore":138,"minecraft:deepslate_iron_ore":12,"minecraft:cocoa":5,"minecraft:dirt":20,"minecraft:stone":52,"minecraft:oak_leaves":3},"minecraft:used":{"minecraft:shield":1,"minecraft:chest":2,"minecraft:wooden_pickaxe":3,"minecraft:iron_sword":42,"minecraft:iron_chestplate":1,"minecraft:torch":27,"minecraft:dirt":28,"minecraft:crafting_table":2,"minecraft:wooden_axe":5,"minecraft:melon_slice":9,"minecraft:iron_pickaxe":216,"minecraft:iron_helmet":1,"minecraft:iron_boots":1,"minecraft:pink_bed":1,"minecraft:cobblestone":186,"minecraft:furnace":2,"minecraft:cooked_cod":1,"minecraft:cooked_porkchop":4,"minecraft:andesite":4},"minecraft:killed":{"minecraft:cod":3,"minecraft:sheep":2,"minecraft:zombie":1,"minecraft:cow":3},"minecraft:dropped":{"minecraft:cobblestone":64,"minecraft:oak_planks":15,"minecraft:cooked_mutton":6,"minecraft:smooth_stone":2}},"DataVersion":3955}