{"stats":{"minecraft:killed_by":{"minecraft:drowned":1,"minecraft:creeper":1},"minecraft:crafted":{"minecraft:cooked_cod":1,"minecraft:oak_planks":24,"minecraft:iron_boots":1,"minecraft:iron_chestplate":1,"minecraft:cooked_porkchop":9,"minecraft:shield":1,"minecraft:crafting_table":1,"minecraft:iron_helmet":1,"minecraft:stick":24,"minecraft:iron_pickaxe":1,"minecraft:iron_ingot":24,"minecraft:wooden_pickaxe":1,"minecraft:wooden_axe":1,"minecraft:iron_sword":1,"minecraft:acacia_planks":28,"minecraft:air":0},"minecraft:picked_up":{"minecraft:cocoa_beans":15,"minecraft:crafting_table":1,"minecraft:leather":4,"minecraft:dandelion":4,"minecraft:acacia_log":7,"minecraft:lily_of_the_valley":17,"minecraft:oak_log":6,"minecraft:cornflower":1,"minecraft:dirt":15,"minecraft:wheat_seeds":4,"minecraft:beef":5,"minecraft:poppy":19,"minecraft:melon_slice":9,"minecraft:mutton":2,"minecraft:cod":3,"minecraft:white_wool":2,"minecraft:cobblestone":2,"minecraft:furnace":1},"minecraft:custom":{"minecraft:time_since_rest":46989,"minecraft:interact_with_furnace":16,"minecraft:sprint_one_cm":109349,"minecraft:damage_taken":628,"minecraft:walk_one_cm":137701,"minecraft:mob_kills":8,"minecraft:drop":1,"minecraft:animals_bred":1,"minecraft:damage_dealt":562,"minecraft:swim_one_cm":26673,"minecraft:interact_with_crafting_table":11,"minecraft:fly_one_cm":95239,"minecraft:open_chest":5,"minecraft:crouch_one_cm":1299,"minecraft:play_time":49880,"minecraft:deaths":2,"minecraft:sneak_time":414,"minecraft:walk_under_water_one_cm":9443,"minecraft:jump":567,"minecraft:walk_on_water_one_cm":5088,"minecraft:time_since_death":46863,"minecraft:climb_one_cm":3700,"minecraft:total_world_time":49880,"minecraft:fall_one_cm":15712},"minecraft:mined":{"minecraft:seagrass":1,"minecraft:acacia_leaves":1,"minecraft:furnace":1,"minecraft:lily_of_the_valley":17,"minecraft:dandelion":5,"minecraft:crafting_table":1,"minecraft:cornflower":1,"minecraft:short_grass":17,"minecraft:acacia_log":8,"minecraft:grass_block":5,"minecraft:oak_log":6,"minecraft:poppy":19,"minecraft:melon":2,"minecraft:cocoa":5,"minecraft:dirt":9,"minecraft:stone":2,"minecraft:oak_leaves":3},"minecraft:used":{"minecraft:wooden_axe":2,"minecraft:melon_slice":9,"minecraft:iron_pickaxe":5,"minecraft:iron_sword":35,"minecraft:iron_helmet":1,"minecraft:wooden_pickaxe":3,"minecraft:iron_boots":1,"minecraft:iron_chestplate":1,"minecraft:dirt":14,"minecraft:cooked_porkchop":1,"minecraft:crafting_table":1,"minecraft:cooked_cod":1,"minecraft:furnace":1},"minecraft:killed":{"minecraft:sheep":2,"minecraft:cod":3,"minecraft:cow":3},"minecraft:dropped":{"minecraft:cooked_mutton":6}},"DataVersion":3955}