{"stats":{"minecraft:used":{"minecraft:oak_log":4,"minecraft:short_grass":4,"minecraft:grass_block":1},"minecraft:picked_up":{"minecraft:bone":1,"minecraft:arrow":1,"minecraft:string":2},"minecraft:custom":{"minecraft:jump":107,"minecraft:crouch_one_cm":30,"minecraft:time_since_rest":17929,"minecraft:damage_dealt":160,"minecraft:leave_game":2,"minecraft:play_time":17929,"minecraft:sprint_one_cm":7753,"minecraft:damage_taken":20,"minecraft:time_since_death":17929,"minecraft:walk_one_cm":11939,"minecraft:sneak_time":5,"minecraft:total_world_time":17929,"minecraft:mob_kills":1,"minecraft:fall_one_cm":1832,"minecraft:fly_one_cm":38634},"minecraft:killed":{"minecraft:spider":1}},"DataVersion":3955}