{"stats":{"minecraft:killed_by":{"minecraft:zombie":1},"minecraft:crafted":{"minecraft:oak_planks":92,"minecraft:furnace":2,"minecraft:diamond_shovel":1,"minecraft:cooked_mutton":21,"minecraft:iron_boots":1,"minecraft:stone_pickaxe":4,"minecraft:chest":3,"minecraft:cooked_beef":20,"minecraft:crafting_table":3,"minecraft:iron_helmet":1,"minecraft:bucket":1,"minecraft:stone_axe":2,"minecraft:air":0,"minecraft:iron_chestplate":1,"minecraft:wooden_hoe":1,"minecraft:shield":1,"minecraft:stick":28,"minecraft:iron_ingot":50,"minecraft:iron_pickaxe":4,"minecraft:stone_sword":1,"minecraft:iron_leggings":1,"minecraft:sandstone":1,"minecraft:white_bed":3,"minecraft:torch":32},"minecraft:broken":{"minecraft:wooden_pickaxe":1,"minecraft:stone_pickaxe":3,"minecraft:golden_axe":1,"minecraft:stone_axe":1,"minecraft:iron_pickaxe":2,"minecraft:golden_pickaxe":1},"minecraft:picked_up":{"minecraft:cocoa_beans":6,"minecraft:crafting_table":4,"minecraft:chicken":2,"minecraft:wooden_pickaxe":2,"minecraft:string":17,"minecraft:raw_copper":32,"minecraft:acacia_door":1,"minecraft:smooth_stone":1,"minecraft:cobbled_deepslate":295,"minecraft:beef":20,"minecraft:chiseled_tuff":1,"minecraft:poppy":1,"minecraft:iron_pickaxe":2,"minecraft:lectern":1,"minecraft:melon_slice":118,"minecraft:egg":3,"minecraft:furnace":2,"minecraft:stick":13,"minecraft:raw_iron":98,"minecraft:torch":37,"minecraft:porkchop":20,"minecraft:cherry_log":2,"minecraft:diorite":10,"minecraft:rotten_flesh":8,"minecraft:stone_sword":1,"minecraft:arrow":5,"minecraft:beetroot_seeds":1,"minecraft:tuff_bricks":6,"minecraft:mutton":34,"minecraft:white_wool":23,"minecraft:cobblestone":651,"minecraft:pink_petals":5,"minecraft:feather":10,"minecraft:cooked_beef":20,"minecraft:salmon":16,"minecraft:andesite":59,"minecraft:brown_wool":1,"minecraft:leather":18,"minecraft:flint":4,"minecraft:tuff":46,"minecraft:oak_log":45,"minecraft:lapis_lazuli":5,"minecraft:wooden_hoe":1,"minecraft:dirt":89,"minecraft:cooked_mutton":14,"minecraft:bone":6,"minecraft:wheat_seeds":35,"minecraft:raw_gold":2,"minecraft:bamboo":7,"minecraft:oak_planks":2,"minecraft:book":12,"minecraft:gravel":43,"minecraft:sand":4,"minecraft:white_bed":2,"minecraft:diamond":6,"minecraft:stone_axe":1,"minecraft:short_grass":192,"minecraft:granite":64,"minecraft:cherry_sapling":4,"minecraft:gray_wool":1,"minecraft:emerald":1,"minecraft:oak_sapling":12,"minecraft:chiseled_tuff_bricks":1,"minecraft:netherrack":2,"minecraft:coal":103},"minecraft:custom":{"minecraft:mob_kills":82,"minecraft:animals_bred":1,"minecraft:interact_with_crafting_table":26,"minecraft:leave_game":2,"minecraft:time_since_death":152401,"minecraft:climb_one_cm":8973,"minecraft:sprint_one_cm":561681,"minecraft:walk_one_cm":551009,"minecraft:drop":23,"minecraft:play_time":212671,"minecraft:deaths":1,"minecraft:sneak_time":1012,"minecraft:walk_under_water_one_cm":37842,"minecraft:jump":4157,"minecraft:walk_on_water_one_cm":28537,"minecraft:total_world_time":212671,"minecraft:interact_with_furnace":22,"minecraft:sleep_in_bed":6,"minecraft:time_since_rest":9797,"minecraft:damage_taken":1497,"minecraft:damage_dealt":7959,"minecraft:swim_one_cm":84703,"minecraft:fly_one_cm":605020,"minecraft:open_chest":39,"minecraft:crouch_one_cm":876,"minecraft:fall_one_cm":71961},"minecraft:mined":{"minecraft:tuff":27,"minecraft:white_bed":2,"minecraft:deepslate_diamond_ore":5,"minecraft:cherry_log":2,"minecraft:jungle_leaves":3,"minecraft:granite":37,"minecraft:grass_block":46,"minecraft:chiseled_tuff_bricks":1,"minecraft:tuff_bricks":6,"minecraft:furnace":2,"minecraft:iron_ore":78,"minecraft:fire":23,"minecraft:andesite":59,"minecraft:chiseled_tuff":1,"minecraft:bookshelf":4,"minecraft:deepslate_iron_ore":12,"minecraft:vine":1,"minecraft:bamboo":2,"minecraft:stone":476,"minecraft:white_wool":1,"minecraft:crafting_table":4,"minecraft:torch":16,"minecraft:short_grass":239,"minecraft:emerald_ore":1,"minecraft:poppy":1,"minecraft:melon":24,"minecraft:lectern":1,"minecraft:copper_ore":3,"minecraft:tall_grass":3,"minecraft:cobblestone":1,"minecraft:lapis_ore":1,"minecraft:diorite":10,"minecraft:wall_torch":8,"minecraft:pink_petals":2,"minecraft:coal_ore":94,"minecraft:oak_log":44,"minecraft:cocoa":2,"minecraft:cherry_leaves":53,"minecraft:dirt":19,"minecraft:gravel":14,"minecraft:sand":4,"minecraft:netherrack":5,"minecraft:gold_ore":2,"minecraft:oak_leaves":21,"minecraft:deepslate":297,"minecraft:fern":31},"minecraft:used":{"minecraft:chest":3,"minecraft:torch":39,"minecraft:dirt":18,"minecraft:tuff":4,"minecraft:grass_block":48,"minecraft:bamboo":7,"minecraft:oak_sapling":6,"minecraft:furnace":4,"minecraft:egg":1,"minecraft:cooked_beef":18,"minecraft:cobbled_deepslate":1,"minecraft:golden_axe":27,"minecraft:short_grass":4,"minecraft:cooked_mutton":5,"minecraft:diorite":1,"minecraft:stone_pickaxe":395,"minecraft:oak_planks":1,"minecraft:wooden_pickaxe":56,"minecraft:sandstone":1,"minecraft:white_wool":1,"minecraft:crafting_table":7,"minecraft:white_bed":5,"minecraft:oak_log":4,"minecraft:wooden_hoe":53,"minecraft:diamond_shovel":103,"minecraft:acacia_door":1,"minecraft:bread":5,"minecraft:iron_pickaxe":682,"minecraft:netherite_axe":20,"minecraft:stone_axe":122,"minecraft:cobblestone":28,"minecraft:bucket":1,"minecraft:andesite":17,"minecraft:golden_pickaxe":32},"minecraft:killed":{"minecraft:spider":3,"minecraft:skeleton":3,"minecraft:chicken":2,"minecraft:drowned":1,"minecraft:cat":14,"minecraft:parrot":5,"minecraft:pig":5,"minecraft:salmon":15,"minecraft:sheep":20,"minecraft:zombie":4,"minecraft:cow":10},"minecraft:dropped":{"minecraft:short_grass":193,"minecraft:wheat_seeds":5,"minecraft:oak_log":1,"minecraft:netherite_axe":1,"minecraft:iron_pickaxe":1,"minecraft:gravel":17,"minecraft:cobbled_deepslate":1,"minecraft:raw_copper":16,"minecraft:rotten_flesh":2,"minecraft:salmon":1,"minecraft:poppy":1,"minecraft:beetroot_seeds":2,"minecraft:oak_sapling":1,"minecraft:wooden_pickaxe":1}},"DataVersion":3955}