{"stats":{"minecraft:killed_by":{"minecraft:zombie":1},"minecraft:crafted":{"minecraft:oak_planks":96,"minecraft:furnace":2,"minecraft:diamond_shovel":1,"minecraft:cooked_mutton":21,"minecraft:diamond_helmet":1,"minecraft:diamond_leggings":1,"minecraft:iron_boots":1,"minecraft:iron_axe":1,"minecraft:stone_pickaxe":4,"minecraft:chest":5,"minecraft:diamond_boots":1,"minecraft:cooked_beef":20,"minecraft:crafting_table":4,"minecraft:iron_helmet":1,"minecraft:bucket":1,"minecraft:stone_axe":2,"minecraft:air":0,"minecraft:iron_chestplate":2,"minecraft:wooden_hoe":1,"minecraft:diamond_pickaxe":1,"minecraft:shield":1,"minecraft:stick":28,"minecraft:iron_ingot":65,"minecraft:iron_pickaxe":4,"minecraft:stone_sword":1,"minecraft:iron_leggings":1,"minecraft:sandstone":1,"minecraft:white_bed":3,"minecraft:torch":36,"minecraft:diamond_chestplate":1},"minecraft:broken":{"minecraft:wooden_pickaxe":1,"minecraft:stone_pickaxe":3,"minecraft:golden_axe":1,"minecraft:stone_axe":2,"minecraft:iron_pickaxe":2,"minecraft:golden_pickaxe":1},"minecraft:used":{"minecraft:chest":5,"minecraft:shield":34,"minecraft:torch":64,"minecraft:dirt":942,"minecraft:tuff":4,"minecraft:azure_bluet":2,"minecraft:iron_axe":136,"minecraft:grass_block":48,"minecraft:bamboo":7,"minecraft:oak_sapling":6,"minecraft:furnace":4,"minecraft:egg":2,"minecraft:cooked_beef":20,"minecraft:cobbled_deepslate":46,"minecraft:golden_axe":27,"minecraft:short_grass":4,"minecraft:cooked_mutton":23,"minecraft:water_bucket":10,"minecraft:diorite":4,"minecraft:stone_pickaxe":395,"minecraft:oak_planks":1,"minecraft:sandstone":1,"minecraft:wooden_pickaxe":56,"minecraft:white_wool":4,"minecraft:golden_apple":1,"minecraft:crafting_table":9,"minecraft:white_bed":5,"minecraft:oak_log":4,"minecraft:wooden_hoe":53,"minecraft:diamond_pickaxe":249,"minecraft:oxeye_daisy":3,"minecraft:diamond_shovel":1200,"minecraft:acacia_door":1,"minecraft:bread":5,"minecraft:iron_pickaxe":682,"minecraft:netherite_axe":20,"minecraft:stone_axe":170,"minecraft:cobblestone":37,"minecraft:andesite":17,"minecraft:bucket":12,"minecraft:dandelion":7,"minecraft:golden_pickaxe":32},"minecraft:mined":{"minecraft:tuff":29,"minecraft:white_bed":2,"minecraft:deepslate_diamond_ore":62,"minecraft:cherry_log":2,"minecraft:jungle_leaves":3,"minecraft:budding_amethyst":5,"minecraft:granite":38,"minecraft:grass_block":850,"minecraft:chiseled_tuff_bricks":1,"minecraft:oxeye_daisy":1,"minecraft:tuff_bricks":6,"minecraft:furnace":2,"minecraft:carrots":2,"minecraft:iron_ore":78,"minecraft:cobbled_deepslate":1,"minecraft:fire":23,"minecraft:andesite":59,"minecraft:azure_bluet":1,"minecraft:chiseled_tuff":1,"minecraft:bookshelf":4,"minecraft:deepslate_iron_ore":12,"minecraft:vine":1,"minecraft:bamboo":8,"minecraft:stone":515,"minecraft:white_wool":1,"minecraft:dandelion":7,"minecraft:crafting_table":6,"minecraft:torch":18,"minecraft:short_grass":493,"minecraft:emerald_ore":1,"minecraft:poppy":1,"minecraft:melon":24,"minecraft:lectern":1,"minecraft:copper_ore":3,"minecraft:tall_grass":4,"minecraft:cobblestone":1,"minecraft:lapis_ore":5,"minecraft:deepslate_gold_ore":5,"minecraft:diorite":60,"minecraft:wall_torch":12,"minecraft:amethyst_block":19,"minecraft:pink_petals":2,"minecraft:oak_log":61,"minecraft:coal_ore":94,"minecraft:cocoa":2,"minecraft:cherry_leaves":53,"minecraft:gravel":14,"minecraft:sand":4,"minecraft:dirt":300,"minecraft:netherrack":5,"minecraft:gold_ore":2,"minecraft:deepslate":361,"minecraft:oak_leaves":29,"minecraft:fern":31},"minecraft:custom":{"minecraft:mob_kills":143,"minecraft:animals_bred":1,"minecraft:interact_with_crafting_table":34,"minecraft:bell_ring":1,"minecraft:leave_game":8,"minecraft:time_since_death":254117,"minecraft:climb_one_cm":8973,"minecraft:sprint_one_cm":797662,"minecraft:walk_one_cm":1075044,"minecraft:damage_blocked_by_shield":1095,"minecraft:drop":46,"minecraft:play_time":314387,"minecraft:sneak_time":2537,"minecraft:deaths":1,"minecraft:walk_under_water_one_cm":38324,"minecraft:jump":6064,"minecraft:walk_on_water_one_cm":32104,"minecraft:total_world_time":314387,"minecraft:interact_with_furnace":25,"minecraft:sleep_in_bed":12,"minecraft:time_since_rest":9314,"minecraft:damage_taken":2811,"minecraft:damage_absorbed":41,"minecraft:damage_dealt":19209,"minecraft:swim_one_cm":84703,"minecraft:fly_one_cm":866104,"minecraft:open_chest":57,"minecraft:crouch_one_cm":7240,"minecraft:fall_one_cm":113536},"minecraft:picked_up":{"minecraft:cocoa_beans":6,"minecraft:crafting_table":6,"minecraft:iron_chestplate":1,"minecraft:azure_bluet":3,"minecraft:chicken":2,"minecraft:wooden_pickaxe":2,"minecraft:amethyst_block":19,"minecraft:string":23,"minecraft:raw_copper":32,"minecraft:acacia_door":1,"minecraft:cobbled_deepslate":362,"minecraft:smooth_stone":1,"minecraft:beef":20,"minecraft:chiseled_tuff":1,"minecraft:poppy":1,"minecraft:iron_pickaxe":2,"minecraft:lectern":1,"minecraft:melon_slice":118,"minecraft:furnace":2,"minecraft:egg":4,"minecraft:stick":13,"minecraft:raw_iron":98,"minecraft:torch":46,"minecraft:porkchop":20,"minecraft:cherry_log":2,"minecraft:diorite":58,"minecraft:carrot":5,"minecraft:stone_sword":1,"minecraft:rotten_flesh":30,"minecraft:arrow":15,"minecraft:beetroot_seeds":1,"minecraft:tuff_bricks":6,"minecraft:mutton":34,"minecraft:white_wool":23,"minecraft:cobblestone":692,"minecraft:oxeye_daisy":5,"minecraft:pink_petals":9,"minecraft:feather":10,"minecraft:cooked_beef":20,"minecraft:andesite":59,"minecraft:water_bucket":1,"minecraft:salmon":16,"minecraft:brown_wool":1,"minecraft:leather":18,"minecraft:flint":4,"minecraft:tuff":49,"minecraft:oak_log":62,"minecraft:gunpowder":1,"minecraft:lapis_lazuli":30,"minecraft:wooden_hoe":1,"minecraft:dirt":1172,"minecraft:cooked_mutton":14,"minecraft:bone":29,"minecraft:bow":1,"minecraft:wheat_seeds":75,"minecraft:raw_gold":7,"minecraft:bamboo":86,"minecraft:oak_planks":2,"minecraft:book":12,"minecraft:dandelion":19,"minecraft:gravel":43,"minecraft:sand":4,"minecraft:amethyst_shard":2,"minecraft:white_bed":2,"minecraft:spider_eye":2,"minecraft:diamond":97,"minecraft:stone_axe":3,"minecraft:short_grass":192,"minecraft:granite":65,"minecraft:cherry_sapling":4,"minecraft:gray_wool":1,"minecraft:emerald":1,"minecraft:oak_sapling":13,"minecraft:netherrack":2,"minecraft:chiseled_tuff_bricks":1,"minecraft:coal":107},"minecraft:dropped":{"minecraft:water_bucket":1,"minecraft:bread":4,"minecraft:short_grass":193,"minecraft:wheat_seeds":5,"minecraft:oak_log":2,"minecraft:netherite_axe":1,"minecraft:iron_helmet":1,"minecraft:stick":7,"minecraft:dirt":13,"minecraft:diorite":6,"minecraft:torch":3,"minecraft:mutton":1,"minecraft:iron_pickaxe":2,"minecraft:gravel":17,"minecraft:stone_axe":2,"minecraft:cobbled_deepslate":1,"minecraft:raw_copper":16,"minecraft:tuff":2,"minecraft:rotten_flesh":2,"minecraft:salmon":1,"minecraft:poppy":1,"minecraft:iron_chestplate":2,"minecraft:beetroot_seeds":2,"minecraft:oak_sapling":2,"minecraft:leather_leggings":1,"minecraft:wooden_pickaxe":1,"minecraft:egg":1},"minecraft:killed":{"minecraft:spider":16,"minecraft:skeleton":15,"minecraft:chicken":2,"minecraft:drowned":1,"minecraft:cat":14,"minecraft:parrot":5,"minecraft:pig":5,"minecraft:zombie_villager":1,"minecraft:salmon":15,"minecraft:creeper":3,"minecraft:sheep":20,"minecraft:zombie":34,"minecraft:cow":10}},"DataVersion":3955}