{"stats":{"minecraft:broken":{"minecraft:stone_pickaxe":2},"minecraft:killed":{"minecraft:pig":4,"minecraft:spider":1,"minecraft:sheep":5,"minecraft:zombie":1,"minecraft:cow":10},"minecraft:custom":{"minecraft:interact_with_furnace":7,"minecraft:mob_kills":21,"minecraft:interact_with_crafting_table":5,"minecraft:leave_game":2,"minecraft:time_since_death":51254,"minecraft:time_since_rest":51254,"minecraft:sprint_one_cm":53310,"minecraft:damage_taken":180,"minecraft:walk_one_cm":84735,"minecraft:drop":8,"minecraft:damage_dealt":2166,"minecraft:swim_one_cm":1533,"minecraft:fly_one_cm":76350,"minecraft:crouch_one_cm":30,"minecraft:play_time":51254,"minecraft:sneak_time":173,"minecraft:walk_under_water_one_cm":4008,"minecraft:jump":616,"minecraft:walk_on_water_one_cm":4635,"minecraft:total_world_time":51254,"minecraft:fall_one_cm":6685},"minecraft:picked_up":{"minecraft:pink_petals":2,"minecraft:crafting_table":2,"minecraft:andesite":35,"minecraft:leather":9,"minecraft:wooden_pickaxe":2,"minecraft:flint":2,"minecraft:tuff":17,"minecraft:oak_log":12,"minecraft:string":2,"minecraft:dirt":32,"minecraft:raw_copper":8,"minecraft:cooked_mutton":2,"minecraft:bone":1,"minecraft:wheat_seeds":2,"minecraft:cobbled_deepslate":65,"minecraft:beef":20,"minecraft:egg":1,"minecraft:furnace":1,"minecraft:stick":3,"minecraft:raw_iron":3,"minecraft:gravel":1,"minecraft:porkchop":9,"minecraft:sand":4,"minecraft:cherry_log":2,"minecraft:arrow":1,"minecraft:rotten_flesh":2,"minecraft:short_grass":192,"minecraft:granite":27,"minecraft:cherry_sapling":2,"minecraft:tuff_bricks":3,"minecraft:oak_sapling":2,"minecraft:coal":68,"minecraft:mutton":12,"minecraft:chiseled_tuff_bricks":1,"minecraft:white_wool":5,"minecraft:cobblestone":152},"minecraft:mined":{"minecraft:tuff":17,"minecraft:cherry_log":2,"minecraft:crafting_table":2,"minecraft:granite":27,"minecraft:short_grass":16,"minecraft:grass_block":3,"minecraft:copper_ore":3,"minecraft:cobblestone":1,"minecraft:chiseled_tuff_bricks":1,"minecraft:tuff_bricks":3,"minecraft:pink_petals":1,"minecraft:furnace":1,"minecraft:iron_ore":3,"minecraft:andesite":35,"minecraft:oak_log":11,"minecraft:coal_ore":59,"minecraft:cherry_leaves":53,"minecraft:sand":4,"minecraft:gravel":3,"minecraft:dirt":3,"minecraft:stone":151,"minecraft:oak_leaves":16,"minecraft:deepslate":65},"minecraft:crafted":{"minecraft:cooked_beef":20,"minecraft:oak_planks":20,"minecraft:crafting_table":1,"minecraft:furnace":1,"minecraft:stone_axe":1,"minecraft:cooked_mutton":1,"minecraft:air":0,"minecraft:wooden_hoe":1,"minecraft:stick":16,"minecraft:stone_pickaxe":3,"minecraft:stone_sword":1,"minecraft:sandstone":1,"minecraft:torch":16},"minecraft:dropped":{"minecraft:short_grass":193,"minecraft:wheat_seeds":2,"minecraft:oak_log":1,"minecraft:wooden_pickaxe":1},"minecraft:used":{"minecraft:short_grass":4,"minecraft:cooked_mutton":3,"minecraft:stone_pickaxe":324,"minecraft:wooden_pickaxe":49,"minecraft:sandstone":1,"minecraft:white_wool":1,"minecraft:torch":3,"minecraft:dirt":6,"minecraft:crafting_table":3,"minecraft:oak_log":4,"minecraft:wooden_hoe":53,"minecraft:grass_block":48,"minecraft:stone_axe":21,"minecraft:cobblestone":1,"minecraft:furnace":2,"minecraft:cobbled_deepslate":1}},"DataVersion":3955}