{"stats":{"minecraft:killed_by":{"minecraft:zombie":1},"minecraft:crafted":{"minecraft:oak_planks":96,"minecraft:furnace":2,"minecraft:diamond_shovel":1,"minecraft:cooked_mutton":21,"minecraft:diamond_helmet":1,"minecraft:diamond_leggings":1,"minecraft:iron_boots":1,"minecraft:iron_axe":1,"minecraft:stone_pickaxe":4,"minecraft:chest":3,"minecraft:diamond_boots":1,"minecraft:cooked_beef":20,"minecraft:crafting_table":4,"minecraft:iron_helmet":1,"minecraft:bucket":1,"minecraft:stone_axe":2,"minecraft:air":0,"minecraft:iron_chestplate":2,"minecraft:wooden_hoe":1,"minecraft:diamond_pickaxe":1,"minecraft:shield":1,"minecraft:stick":28,"minecraft:iron_ingot":65,"minecraft:iron_pickaxe":4,"minecraft:stone_sword":1,"minecraft:iron_leggings":1,"minecraft:sandstone":1,"minecraft:white_bed":3,"minecraft:torch":32,"minecraft:diamond_chestplate":1},"minecraft:broken":{"minecraft:wooden_pickaxe":1,"minecraft:stone_pickaxe":3,"minecraft:golden_axe":1,"minecraft:stone_axe":2,"minecraft:iron_pickaxe":2,"minecraft:golden_pickaxe":1},"minecraft:picked_up":{"minecraft:iron_chestplate":1,"minecraft:cocoa_beans":6,"minecraft:crafting_table":6,"minecraft:chicken":2,"minecraft:wooden_pickaxe":2,"minecraft:amethyst_block":19,"minecraft:string":23,"minecraft:raw_copper":32,"minecraft:acacia_door":1,"minecraft:cobbled_deepslate":358,"minecraft:smooth_stone":1,"minecraft:beef":20,"minecraft:chiseled_tuff":1,"minecraft:poppy":1,"minecraft:iron_pickaxe":2,"minecraft:lectern":1,"minecraft:melon_slice":118,"minecraft:furnace":2,"minecraft:egg":4,"minecraft:stick":13,"minecraft:raw_iron":98,"minecraft:torch":42,"minecraft:porkchop":20,"minecraft:cherry_log":2,"minecraft:diorite":10,"minecraft:carrot":5,"minecraft:stone_sword":1,"minecraft:rotten_flesh":29,"minecraft:arrow":15,"minecraft:beetroot_seeds":1,"minecraft:tuff_bricks":6,"minecraft:mutton":34,"minecraft:white_wool":23,"minecraft:cobblestone":651,"minecraft:pink_petals":5,"minecraft:feather":10,"minecraft:cooked_beef":20,"minecraft:andesite":59,"minecraft:water_bucket":1,"minecraft:salmon":16,"minecraft:brown_wool":1,"minecraft:leather":18,"minecraft:flint":4,"minecraft:tuff":49,"minecraft:oak_log":58,"minecraft:gunpowder":1,"minecraft:lapis_lazuli":30,"minecraft:wooden_hoe":1,"minecraft:dirt":89,"minecraft:cooked_mutton":14,"minecraft:bone":27,"minecraft:bow":1,"minecraft:wheat_seeds":35,"minecraft:raw_gold":7,"minecraft:bamboo":7,"minecraft:oak_planks":2,"minecraft:book":12,"minecraft:gravel":43,"minecraft:sand":4,"minecraft:amethyst_shard":2,"minecraft:white_bed":2,"minecraft:spider_eye":2,"minecraft:diamond":95,"minecraft:stone_axe":3,"minecraft:short_grass":192,"minecraft:granite":65,"minecraft:cherry_sapling":4,"minecraft:gray_wool":1,"minecraft:emerald":1,"minecraft:oak_sapling":13,"minecraft:netherrack":2,"minecraft:chiseled_tuff_bricks":1,"minecraft:coal":106},"minecraft:custom":{"minecraft:mob_kills":137,"minecraft:animals_bred":1,"minecraft:interact_with_crafting_table":31,"minecraft:bell_ring":1,"minecraft:leave_game":6,"minecraft:time_since_death":203267,"minecraft:climb_one_cm":8973,"minecraft:sprint_one_cm":724287,"minecraft:walk_one_cm":770628,"minecraft:damage_blocked_by_shield":760,"minecraft:drop":43,"minecraft:play_time":263537,"minecraft:sneak_time":1989,"minecraft:deaths":1,"minecraft:walk_under_water_one_cm":37913,"minecraft:jump":5498,"minecraft:walk_on_water_one_cm":30292,"minecraft:total_world_time":263537,"minecraft:interact_with_furnace":23,"minecraft:sleep_in_bed":9,"minecraft:time_since_rest":4552,"minecraft:damage_taken":2626,"minecraft:damage_dealt":17979,"minecraft:swim_one_cm":84703,"minecraft:fly_one_cm":785555,"minecraft:open_chest":47,"minecraft:crouch_one_cm":4200,"minecraft:fall_one_cm":98887},"minecraft:mined":{"minecraft:tuff":29,"minecraft:white_bed":2,"minecraft:deepslate_diamond_ore":60,"minecraft:cherry_log":2,"minecraft:jungle_leaves":3,"minecraft:granite":38,"minecraft:budding_amethyst":5,"minecraft:grass_block":46,"minecraft:chiseled_tuff_bricks":1,"minecraft:tuff_bricks":6,"minecraft:furnace":2,"minecraft:carrots":2,"minecraft:iron_ore":78,"minecraft:cobbled_deepslate":1,"minecraft:fire":23,"minecraft:andesite":59,"minecraft:chiseled_tuff":1,"minecraft:bookshelf":4,"minecraft:deepslate_iron_ore":12,"minecraft:vine":1,"minecraft:bamboo":2,"minecraft:stone":476,"minecraft:white_wool":1,"minecraft:crafting_table":6,"minecraft:torch":18,"minecraft:short_grass":239,"minecraft:emerald_ore":1,"minecraft:poppy":1,"minecraft:melon":24,"minecraft:lectern":1,"minecraft:tall_grass":4,"minecraft:copper_ore":3,"minecraft:cobblestone":1,"minecraft:lapis_ore":5,"minecraft:deepslate_gold_ore":5,"minecraft:diorite":10,"minecraft:wall_torch":9,"minecraft:amethyst_block":19,"minecraft:pink_petals":2,"minecraft:oak_log":57,"minecraft:coal_ore":94,"minecraft:cocoa":2,"minecraft:cherry_leaves":53,"minecraft:gravel":14,"minecraft:sand":4,"minecraft:dirt":19,"minecraft:netherrack":5,"minecraft:gold_ore":2,"minecraft:oak_leaves":27,"minecraft:deepslate":359,"minecraft:fern":31},"minecraft:used":{"minecraft:chest":3,"minecraft:shield":18,"minecraft:torch":60,"minecraft:dirt":18,"minecraft:tuff":4,"minecraft:iron_axe":111,"minecraft:grass_block":48,"minecraft:bamboo":7,"minecraft:oak_sapling":6,"minecraft:furnace":4,"minecraft:egg":2,"minecraft:cooked_beef":20,"minecraft:cobbled_deepslate":46,"minecraft:golden_axe":27,"minecraft:short_grass":4,"minecraft:cooked_mutton":21,"minecraft:diorite":4,"minecraft:stone_pickaxe":395,"minecraft:oak_planks":1,"minecraft:wooden_pickaxe":56,"minecraft:sandstone":1,"minecraft:white_wool":4,"minecraft:crafting_table":9,"minecraft:white_bed":5,"minecraft:oak_log":4,"minecraft:wooden_hoe":53,"minecraft:diamond_pickaxe":156,"minecraft:diamond_shovel":103,"minecraft:acacia_door":1,"minecraft:bread":5,"minecraft:iron_pickaxe":682,"minecraft:netherite_axe":20,"minecraft:stone_axe":170,"minecraft:cobblestone":28,"minecraft:andesite":17,"minecraft:bucket":1,"minecraft:golden_pickaxe":32},"minecraft:killed":{"minecraft:spider":16,"minecraft:skeleton":14,"minecraft:chicken":2,"minecraft:drowned":1,"minecraft:cat":14,"minecraft:parrot":5,"minecraft:pig":5,"minecraft:zombie_villager":1,"minecraft:salmon":15,"minecraft:creeper":3,"minecraft:sheep":20,"minecraft:zombie":29,"minecraft:cow":10},"minecraft:dropped":{"minecraft:water_bucket":1,"minecraft:bread":4,"minecraft:short_grass":193,"minecraft:wheat_seeds":5,"minecraft:oak_log":2,"minecraft:netherite_axe":1,"minecraft:stick":7,"minecraft:diorite":6,"minecraft:torch":3,"minecraft:mutton":1,"minecraft:iron_pickaxe":2,"minecraft:gravel":17,"minecraft:stone_axe":2,"minecraft:cobbled_deepslate":1,"minecraft:raw_copper":16,"minecraft:tuff":2,"minecraft:rotten_flesh":2,"minecraft:salmon":1,"minecraft:poppy":1,"minecraft:iron_chestplate":2,"minecraft:beetroot_seeds":2,"minecraft:oak_sapling":2,"minecraft:leather_leggings":1,"minecraft:wooden_pickaxe":1,"minecraft:egg":1}},"DataVersion":3955}