{"stats":{"minecraft:dropped":{"minecraft:short_grass":193,"minecraft:wheat_seeds":1,"minecraft:oak_log":1,"minecraft:wooden_pickaxe":1},"minecraft:used":{"minecraft:oak_log":4,"minecraft:short_grass":4,"minecraft:wooden_hoe":51,"minecraft:grass_block":48,"minecraft:wooden_pickaxe":45,"minecraft:crafting_table":2},"minecraft:crafted":{"minecraft:oak_planks":20,"minecraft:wooden_hoe":1,"minecraft:crafting_table":1,"minecraft:stick":4},"minecraft:picked_up":{"minecraft:pink_petals":2,"minecraft:stick":3,"minecraft:crafting_table":1,"minecraft:leather":3,"minecraft:wooden_pickaxe":2,"minecraft:oak_log":12,"minecraft:cherry_log":2,"minecraft:dirt":26,"minecraft:string":2,"minecraft:bone":1,"minecraft:arrow":1,"minecraft:wheat_seeds":1,"minecraft:short_grass":192,"minecraft:beef":3,"minecraft:cherry_sapling":2,"minecraft:oak_sapling":2,"minecraft:mutton":6,"minecraft:coal":10,"minecraft:white_wool":3,"minecraft:cobblestone":35},"minecraft:mined":{"minecraft:pink_petals":1,"minecraft:cherry_log":2,"minecraft:crafting_table":1,"minecraft:short_grass":15,"minecraft:coal_ore":10,"minecraft:oak_log":11,"minecraft:cherry_leaves":53,"minecraft:stone":35,"minecraft:oak_leaves":13},"minecraft:custom":{"minecraft:time_since_rest":29929,"minecraft:sprint_one_cm":31261,"minecraft:damage_taken":40,"minecraft:walk_one_cm":38546,"minecraft:mob_kills":6,"minecraft:drop":7,"minecraft:damage_dealt":605,"minecraft:interact_with_crafting_table":2,"minecraft:fly_one_cm":64159,"minecraft:crouch_one_cm":30,"minecraft:play_time":29929,"minecraft:sneak_time":5,"minecraft:jump":327,"minecraft:leave_game":2,"minecraft:time_since_death":29929,"minecraft:total_world_time":29929,"minecraft:fall_one_cm":6058},"minecraft:killed":{"minecraft:sheep":3,"minecraft:spider":1,"minecraft:cow":2}},"DataVersion":3955}