{"stats":{"minecraft:killed_by":{"minecraft:zombie":1},"minecraft:broken":{"minecraft:stone_pickaxe":3,"minecraft:wooden_pickaxe":1},"minecraft:killed":{"minecraft:pig":4,"minecraft:spider":1,"minecraft:skeleton":2,"minecraft:sheep":5,"minecraft:zombie":3,"minecraft:cow":10},"minecraft:custom":{"minecraft:interact_with_furnace":11,"minecraft:mob_kills":25,"minecraft:interact_with_crafting_table":13,"minecraft:leave_game":2,"minecraft:time_since_death":8984,"minecraft:sleep_in_bed":1,"minecraft:time_since_rest":7159,"minecraft:sprint_one_cm":80138,"minecraft:damage_taken":595,"minecraft:walk_one_cm":151290,"minecraft:drop":8,"minecraft:damage_dealt":3152,"minecraft:swim_one_cm":1533,"minecraft:fly_one_cm":94955,"minecraft:open_chest":6,"minecraft:crouch_one_cm":437,"minecraft:play_time":69254,"minecraft:deaths":1,"minecraft:sneak_time":461,"minecraft:walk_under_water_one_cm":4008,"minecraft:jump":926,"minecraft:walk_on_water_one_cm":4635,"minecraft:total_world_time":69254,"minecraft:fall_one_cm":7939},"minecraft:picked_up":{"minecraft:pink_petals":2,"minecraft:crafting_table":4,"minecraft:cooked_beef":20,"minecraft:andesite":41,"minecraft:leather":18,"minecraft:wooden_pickaxe":2,"minecraft:flint":2,"minecraft:tuff":38,"minecraft:oak_log":12,"minecraft:wooden_hoe":1,"minecraft:string":2,"minecraft:dirt":34,"minecraft:raw_copper":16,"minecraft:cooked_mutton":8,"minecraft:bone":3,"minecraft:wheat_seeds":2,"minecraft:cobbled_deepslate":87,"minecraft:raw_gold":2,"minecraft:beef":20,"minecraft:iron_pickaxe":1,"minecraft:egg":2,"minecraft:furnace":2,"minecraft:stick":5,"minecraft:raw_iron":59,"minecraft:torch":15,"minecraft:gravel":1,"minecraft:porkchop":18,"minecraft:sand":4,"minecraft:cherry_log":2,"minecraft:stone_sword":1,"minecraft:arrow":3,"minecraft:rotten_flesh":6,"minecraft:diamond":2,"minecraft:stone_axe":1,"minecraft:short_grass":192,"minecraft:granite":54,"minecraft:cherry_sapling":4,"minecraft:tuff_bricks":3,"minecraft:oak_sapling":2,"minecraft:coal":87,"minecraft:mutton":12,"minecraft:chiseled_tuff_bricks":1,"minecraft:white_wool":9,"minecraft:cobblestone":438},"minecraft:mined":{"minecraft:tuff":19,"minecraft:deepslate_diamond_ore":1,"minecraft:cherry_log":2,"minecraft:crafting_table":4,"minecraft:granite":27,"minecraft:short_grass":16,"minecraft:grass_block":3,"minecraft:copper_ore":3,"minecraft:cobblestone":1,"minecraft:chiseled_tuff_bricks":1,"minecraft:tuff_bricks":3,"minecraft:wall_torch":4,"minecraft:pink_petals":1,"minecraft:furnace":2,"minecraft:iron_ore":48,"minecraft:andesite":41,"minecraft:oak_log":11,"minecraft:coal_ore":80,"minecraft:deepslate_iron_ore":2,"minecraft:cherry_leaves":53,"minecraft:sand":4,"minecraft:gravel":3,"minecraft:dirt":5,"minecraft:stone":267,"minecraft:gold_ore":2,"minecraft:oak_leaves":16,"minecraft:deepslate":89},"minecraft:crafted":{"minecraft:cooked_beef":20,"minecraft:oak_planks":44,"minecraft:crafting_table":1,"minecraft:furnace":1,"minecraft:stone_axe":1,"minecraft:cooked_mutton":7,"minecraft:air":0,"minecraft:wooden_hoe":1,"minecraft:stick":20,"minecraft:iron_ingot":3,"minecraft:iron_pickaxe":1,"minecraft:stone_pickaxe":4,"minecraft:stone_sword":1,"minecraft:chest":1,"minecraft:white_bed":1,"minecraft:sandstone":1,"minecraft:torch":16},"minecraft:dropped":{"minecraft:short_grass":193,"minecraft:wheat_seeds":2,"minecraft:oak_log":1,"minecraft:wooden_pickaxe":1},"minecraft:used":{"minecraft:short_grass":4,"minecraft:cooked_mutton":3,"minecraft:stone_pickaxe":395,"minecraft:chest":1,"minecraft:wooden_pickaxe":56,"minecraft:sandstone":1,"minecraft:white_wool":1,"minecraft:torch":11,"minecraft:dirt":8,"minecraft:crafting_table":5,"minecraft:white_bed":1,"minecraft:oak_log":4,"minecraft:wooden_hoe":53,"minecraft:grass_block":48,"minecraft:iron_pickaxe":144,"minecraft:stone_axe":39,"minecraft:cobblestone":9,"minecraft:furnace":3,"minecraft:cooked_beef":3,"minecraft:cobbled_deepslate":1}},"DataVersion":3955}