{"stats":{"minecraft:killed_by":{"minecraft:zombie":1},"minecraft:crafted":{"minecraft:cooked_beef":20,"minecraft:oak_planks":44,"minecraft:crafting_table":2,"minecraft:iron_helmet":1,"minecraft:furnace":1,"minecraft:diamond_shovel":1,"minecraft:stone_axe":1,"minecraft:cooked_mutton":7,"minecraft:air":0,"minecraft:iron_boots":1,"minecraft:iron_chestplate":1,"minecraft:wooden_hoe":1,"minecraft:stick":24,"minecraft:iron_ingot":26,"minecraft:iron_pickaxe":3,"minecraft:stone_pickaxe":4,"minecraft:stone_sword":1,"minecraft:chest":1,"minecraft:sandstone":1,"minecraft:white_bed":3,"minecraft:torch":16},"minecraft:broken":{"minecraft:stone_pickaxe":3,"minecraft:stone_axe":1,"minecraft:iron_pickaxe":1,"minecraft:wooden_pickaxe":1},"minecraft:picked_up":{"minecraft:cocoa_beans":6,"minecraft:pink_petals":2,"minecraft:crafting_table":4,"minecraft:feather":7,"minecraft:cooked_beef":20,"minecraft:andesite":41,"minecraft:salmon":16,"minecraft:leather":18,"minecraft:wooden_pickaxe":2,"minecraft:flint":2,"minecraft:tuff":46,"minecraft:oak_log":12,"minecraft:wooden_hoe":1,"minecraft:string":15,"minecraft:dirt":84,"minecraft:raw_copper":16,"minecraft:acacia_door":1,"minecraft:cooked_mutton":14,"minecraft:bone":3,"minecraft:wheat_seeds":33,"minecraft:cobbled_deepslate":258,"minecraft:raw_gold":2,"minecraft:beef":20,"minecraft:poppy":1,"minecraft:iron_pickaxe":1,"minecraft:bamboo":7,"minecraft:melon_slice":118,"minecraft:furnace":2,"minecraft:egg":2,"minecraft:stick":7,"minecraft:raw_iron":59,"minecraft:torch":27,"minecraft:gravel":18,"minecraft:porkchop":18,"minecraft:sand":4,"minecraft:cherry_log":2,"minecraft:white_bed":1,"minecraft:stone_sword":1,"minecraft:arrow":3,"minecraft:rotten_flesh":8,"minecraft:beetroot_seeds":1,"minecraft:diamond":2,"minecraft:stone_axe":1,"minecraft:short_grass":192,"minecraft:granite":54,"minecraft:cherry_sapling":4,"minecraft:netherrack":2,"minecraft:tuff_bricks":3,"minecraft:oak_sapling":3,"minecraft:mutton":19,"minecraft:coal":90,"minecraft:chiseled_tuff_bricks":1,"minecraft:white_wool":15,"minecraft:cobblestone":462},"minecraft:custom":{"minecraft:interact_with_furnace":15,"minecraft:mob_kills":67,"minecraft:animals_bred":1,"minecraft:interact_with_crafting_table":17,"minecraft:leave_game":2,"minecraft:time_since_death":92401,"minecraft:sleep_in_bed":4,"minecraft:climb_one_cm":8973,"minecraft:time_since_rest":3833,"minecraft:sprint_one_cm":378136,"minecraft:damage_taken":1225,"minecraft:walk_one_cm":384725,"minecraft:drop":15,"minecraft:damage_dealt":6430,"minecraft:swim_one_cm":79388,"minecraft:fly_one_cm":392021,"minecraft:play_time":152671,"minecraft:open_chest":15,"minecraft:crouch_one_cm":451,"minecraft:sneak_time":793,"minecraft:deaths":1,"minecraft:walk_under_water_one_cm":34844,"minecraft:jump":2890,"minecraft:walk_on_water_one_cm":24042,"minecraft:fall_one_cm":39333,"minecraft:total_world_time":152671},"minecraft:mined":{"minecraft:tuff":27,"minecraft:white_bed":1,"minecraft:deepslate_diamond_ore":1,"minecraft:cherry_log":2,"minecraft:jungle_leaves":3,"minecraft:crafting_table":4,"minecraft:torch":10,"minecraft:granite":27,"minecraft:short_grass":208,"minecraft:poppy":1,"minecraft:grass_block":45,"minecraft:melon":24,"minecraft:copper_ore":3,"minecraft:cobblestone":1,"minecraft:chiseled_tuff_bricks":1,"minecraft:tuff_bricks":3,"minecraft:wall_torch":6,"minecraft:pink_petals":1,"minecraft:furnace":2,"minecraft:iron_ore":48,"minecraft:fire":23,"minecraft:andesite":41,"minecraft:cocoa":2,"minecraft:deepslate_iron_ore":2,"minecraft:oak_log":11,"minecraft:coal_ore":81,"minecraft:vine":1,"minecraft:cherry_leaves":53,"minecraft:sand":4,"minecraft:gravel":4,"minecraft:dirt":17,"minecraft:bamboo":2,"minecraft:netherrack":5,"minecraft:stone":291,"minecraft:gold_ore":2,"minecraft:white_wool":1,"minecraft:oak_leaves":18,"minecraft:deepslate":260,"minecraft:fern":31},"minecraft:used":{"minecraft:short_grass":4,"minecraft:cooked_mutton":3,"minecraft:stone_pickaxe":395,"minecraft:chest":1,"minecraft:wooden_pickaxe":56,"minecraft:sandstone":1,"minecraft:white_wool":1,"minecraft:torch":27,"minecraft:dirt":14,"minecraft:crafting_table":6,"minecraft:white_bed":4,"minecraft:tuff":4,"minecraft:oak_log":4,"minecraft:wooden_hoe":53,"minecraft:diamond_shovel":92,"minecraft:acacia_door":1,"minecraft:grass_block":48,"minecraft:iron_pickaxe":382,"minecraft:netherite_axe":20,"minecraft:stone_axe":86,"minecraft:cobblestone":28,"minecraft:furnace":3,"minecraft:egg":1,"minecraft:cooked_beef":15,"minecraft:cobbled_deepslate":1},"minecraft:killed":{"minecraft:cat":14,"minecraft:parrot":5,"minecraft:pig":4,"minecraft:salmon":15,"minecraft:spider":2,"minecraft:sheep":10,"minecraft:skeleton":2,"minecraft:zombie":4,"minecraft:drowned":1,"minecraft:cow":10},"minecraft:dropped":{"minecraft:short_grass":193,"minecraft:wheat_seeds":4,"minecraft:oak_log":1,"minecraft:netherite_axe":1,"minecraft:salmon":1,"minecraft:beetroot_seeds":2,"minecraft:oak_sapling":1,"minecraft:wooden_pickaxe":1}},"DataVersion":3955}