{"stats":{"minecraft:killed_by":{"minecraft:zombie":1},"minecraft:crafted":{"minecraft:oak_planks":92,"minecraft:furnace":1,"minecraft:diamond_shovel":1,"minecraft:cooked_mutton":7,"minecraft:iron_boots":1,"minecraft:stone_pickaxe":4,"minecraft:chest":3,"minecraft:cooked_beef":20,"minecraft:crafting_table":3,"minecraft:iron_helmet":1,"minecraft:stone_axe":1,"minecraft:air":0,"minecraft:iron_chestplate":1,"minecraft:wooden_hoe":1,"minecraft:stick":28,"minecraft:iron_ingot":26,"minecraft:iron_pickaxe":3,"minecraft:stone_sword":1,"minecraft:sandstone":1,"minecraft:white_bed":3,"minecraft:torch":32},"minecraft:broken":{"minecraft:wooden_pickaxe":1,"minecraft:stone_pickaxe":3,"minecraft:golden_axe":1,"minecraft:stone_axe":1,"minecraft:iron_pickaxe":1},"minecraft:picked_up":{"minecraft:cocoa_beans":6,"minecraft:crafting_table":4,"minecraft:chicken":2,"minecraft:wooden_pickaxe":2,"minecraft:string":16,"minecraft:raw_copper":32,"minecraft:acacia_door":1,"minecraft:smooth_stone":1,"minecraft:cobbled_deepslate":260,"minecraft:beef":20,"minecraft:poppy":1,"minecraft:iron_pickaxe":2,"minecraft:lectern":1,"minecraft:melon_slice":118,"minecraft:egg":2,"minecraft:furnace":2,"minecraft:stick":13,"minecraft:raw_iron":83,"minecraft:torch":32,"minecraft:porkchop":18,"minecraft:cherry_log":2,"minecraft:rotten_flesh":8,"minecraft:stone_sword":1,"minecraft:arrow":3,"minecraft:beetroot_seeds":1,"minecraft:tuff_bricks":3,"minecraft:mutton":26,"minecraft:white_wool":20,"minecraft:cobblestone":476,"minecraft:pink_petals":2,"minecraft:feather":10,"minecraft:cooked_beef":20,"minecraft:salmon":16,"minecraft:andesite":42,"minecraft:leather":18,"minecraft:flint":2,"minecraft:tuff":46,"minecraft:oak_log":24,"minecraft:lapis_lazuli":5,"minecraft:wooden_hoe":1,"minecraft:dirt":86,"minecraft:cooked_mutton":14,"minecraft:bone":3,"minecraft:wheat_seeds":33,"minecraft:raw_gold":2,"minecraft:bamboo":7,"minecraft:oak_planks":2,"minecraft:book":12,"minecraft:gravel":25,"minecraft:sand":4,"minecraft:white_bed":2,"minecraft:diamond":2,"minecraft:stone_axe":1,"minecraft:short_grass":192,"minecraft:granite":54,"minecraft:cherry_sapling":4,"minecraft:oak_sapling":8,"minecraft:chiseled_tuff_bricks":1,"minecraft:netherrack":2,"minecraft:coal":99},"minecraft:custom":{"minecraft:mob_kills":74,"minecraft:animals_bred":1,"minecraft:interact_with_crafting_table":18,"minecraft:leave_game":2,"minecraft:time_since_death":116401,"minecraft:climb_one_cm":8973,"minecraft:sprint_one_cm":477571,"minecraft:walk_one_cm":471169,"minecraft:drop":22,"minecraft:play_time":176671,"minecraft:deaths":1,"minecraft:sneak_time":860,"minecraft:walk_under_water_one_cm":37418,"minecraft:jump":3452,"minecraft:walk_on_water_one_cm":28366,"minecraft:total_world_time":176671,"minecraft:interact_with_furnace":15,"minecraft:sleep_in_bed":4,"minecraft:time_since_rest":27833,"minecraft:damage_taken":1402,"minecraft:damage_dealt":7033,"minecraft:swim_one_cm":84703,"minecraft:fly_one_cm":498147,"minecraft:open_chest":20,"minecraft:crouch_one_cm":591,"minecraft:fall_one_cm":57318},"minecraft:mined":{"minecraft:tuff":27,"minecraft:white_bed":2,"minecraft:deepslate_diamond_ore":1,"minecraft:cherry_log":2,"minecraft:jungle_leaves":3,"minecraft:granite":27,"minecraft:grass_block":45,"minecraft:chiseled_tuff_bricks":1,"minecraft:tuff_bricks":3,"minecraft:furnace":2,"minecraft:iron_ore":73,"minecraft:fire":23,"minecraft:andesite":42,"minecraft:bookshelf":4,"minecraft:deepslate_iron_ore":2,"minecraft:vine":1,"minecraft:bamboo":2,"minecraft:stone":300,"minecraft:white_wool":1,"minecraft:crafting_table":4,"minecraft:torch":13,"minecraft:short_grass":210,"minecraft:poppy":1,"minecraft:melon":24,"minecraft:lectern":1,"minecraft:copper_ore":3,"minecraft:tall_grass":1,"minecraft:cobblestone":1,"minecraft:lapis_ore":1,"minecraft:wall_torch":8,"minecraft:pink_petals":1,"minecraft:coal_ore":90,"minecraft:oak_log":23,"minecraft:cocoa":2,"minecraft:cherry_leaves":53,"minecraft:dirt":17,"minecraft:gravel":5,"minecraft:sand":4,"minecraft:netherrack":5,"minecraft:gold_ore":2,"minecraft:oak_leaves":18,"minecraft:deepslate":262,"minecraft:fern":31},"minecraft:used":{"minecraft:chest":3,"minecraft:torch":33,"minecraft:dirt":16,"minecraft:tuff":4,"minecraft:grass_block":48,"minecraft:bamboo":7,"minecraft:furnace":3,"minecraft:egg":1,"minecraft:cooked_beef":17,"minecraft:cobbled_deepslate":1,"minecraft:golden_axe":27,"minecraft:short_grass":4,"minecraft:cooked_mutton":3,"minecraft:stone_pickaxe":395,"minecraft:oak_planks":1,"minecraft:wooden_pickaxe":56,"minecraft:sandstone":1,"minecraft:white_wool":1,"minecraft:crafting_table":7,"minecraft:white_bed":5,"minecraft:oak_log":4,"minecraft:wooden_hoe":53,"minecraft:diamond_shovel":93,"minecraft:acacia_door":1,"minecraft:bread":5,"minecraft:iron_pickaxe":426,"minecraft:netherite_axe":20,"minecraft:stone_axe":86,"minecraft:cobblestone":28,"minecraft:andesite":1,"minecraft:golden_pickaxe":8},"minecraft:killed":{"minecraft:spider":2,"minecraft:skeleton":2,"minecraft:chicken":2,"minecraft:drowned":1,"minecraft:cat":14,"minecraft:parrot":5,"minecraft:pig":4,"minecraft:salmon":15,"minecraft:sheep":15,"minecraft:zombie":4,"minecraft:cow":10},"minecraft:dropped":{"minecraft:short_grass":193,"minecraft:wheat_seeds":4,"minecraft:oak_log":1,"minecraft:netherite_axe":1,"minecraft:iron_pickaxe":1,"minecraft:gravel":17,"minecraft:cobbled_deepslate":1,"minecraft:raw_copper":16,"minecraft:rotten_flesh":2,"minecraft:salmon":1,"minecraft:poppy":1,"minecraft:beetroot_seeds":2,"minecraft:oak_sapling":1,"minecraft:wooden_pickaxe":1}},"DataVersion":3955}