{"stats":{"minecraft:killed":{"minecraft:pig":4,"minecraft:spider":1,"minecraft:sheep":5,"minecraft:zombie":1,"minecraft:cow":10},"minecraft:custom":{"minecraft:interact_with_furnace":6,"minecraft:mob_kills":21,"minecraft:interact_with_crafting_table":4,"minecraft:leave_game":2,"minecraft:time_since_death":39254,"minecraft:time_since_rest":39254,"minecraft:sprint_one_cm":53295,"minecraft:damage_taken":130,"minecraft:walk_one_cm":62689,"minecraft:drop":7,"minecraft:damage_dealt":2166,"minecraft:fly_one_cm":76350,"minecraft:crouch_one_cm":30,"minecraft:play_time":39254,"minecraft:sneak_time":5,"minecraft:jump":454,"minecraft:total_world_time":39254,"minecraft:fall_one_cm":6685},"minecraft:picked_up":{"minecraft:pink_petals":2,"minecraft:crafting_table":2,"minecraft:andesite":6,"minecraft:leather":9,"minecraft:wooden_pickaxe":2,"minecraft:flint":2,"minecraft:tuff":17,"minecraft:oak_log":12,"minecraft:string":2,"minecraft:dirt":30,"minecraft:cooked_mutton":2,"minecraft:bone":1,"minecraft:wheat_seeds":1,"minecraft:cobbled_deepslate":56,"minecraft:beef":20,"minecraft:egg":1,"minecraft:furnace":1,"minecraft:stick":3,"minecraft:gravel":1,"minecraft:porkchop":9,"minecraft:cherry_log":2,"minecraft:arrow":1,"minecraft:rotten_flesh":2,"minecraft:short_grass":192,"minecraft:cherry_sapling":2,"minecraft:tuff_bricks":3,"minecraft:oak_sapling":2,"minecraft:coal":19,"minecraft:mutton":12,"minecraft:chiseled_tuff_bricks":1,"minecraft:white_wool":5,"minecraft:cobblestone":36},"minecraft:mined":{"minecraft:tuff":17,"minecraft:cherry_log":2,"minecraft:crafting_table":2,"minecraft:short_grass":15,"minecraft:grass_block":1,"minecraft:chiseled_tuff_bricks":1,"minecraft:tuff_bricks":3,"minecraft:pink_petals":1,"minecraft:furnace":1,"minecraft:andesite":6,"minecraft:oak_log":11,"minecraft:coal_ore":10,"minecraft:cherry_leaves":53,"minecraft:gravel":3,"minecraft:dirt":3,"minecraft:stone":36,"minecraft:oak_leaves":16,"minecraft:deepslate":58},"minecraft:crafted":{"minecraft:cooked_beef":3,"minecraft:oak_planks":20,"minecraft:crafting_table":1,"minecraft:furnace":1,"minecraft:stone_axe":1,"minecraft:cooked_mutton":1,"minecraft:air":0,"minecraft:wooden_hoe":1,"minecraft:stick":8,"minecraft:stone_pickaxe":1,"minecraft:stone_sword":1,"minecraft:torch":16},"minecraft:dropped":{"minecraft:short_grass":193,"minecraft:wheat_seeds":1,"minecraft:oak_log":1,"minecraft:wooden_pickaxe":1},"minecraft:used":{"minecraft:short_grass":4,"minecraft:cooked_mutton":3,"minecraft:stone_pickaxe":90,"minecraft:wooden_pickaxe":49,"minecraft:dirt":4,"minecraft:crafting_table":3,"minecraft:oak_log":4,"minecraft:wooden_hoe":53,"minecraft:grass_block":48,"minecraft:stone_axe":21,"minecraft:furnace":2}},"DataVersion":3955}