{"stats":{"minecraft:used":{"minecraft:oak_log":4,"minecraft:short_grass":4,"minecraft:grass_block":1},"minecraft:picked_up":{"minecraft:bone":1,"minecraft:arrow":1,"minecraft:string":2},"minecraft:custom":{"minecraft:jump":97,"minecraft:time_since_rest":5929,"minecraft:damage_dealt":160,"minecraft:leave_game":2,"minecraft:play_time":5929,"minecraft:sprint_one_cm":7298,"minecraft:damage_taken":20,"minecraft:time_since_death":5929,"minecraft:walk_one_cm":10263,"minecraft:sneak_time":2,"minecraft:total_world_time":5929,"minecraft:mob_kills":1,"minecraft:fall_one_cm":1832,"minecraft:fly_one_cm":37298},"minecraft:killed":{"minecraft:spider":1}},"DataVersion":3955}