{"stats":{"minecraft:dropped":{"minecraft:short_grass":192,"minecraft:rotten_flesh":2,"minecraft:wooden_pickaxe":1},"minecraft:used":{"minecraft:short_grass":1,"minecraft:stone_sword":7,"minecraft:stone_pickaxe":75,"minecraft:wooden_pickaxe":3,"minecraft:torch":8,"minecraft:stone_axe":13,"minecraft:dirt":5,"minecraft:cobblestone":2,"minecraft:beef":1,"minecraft:crafting_table":2,"minecraft:furnace":1,"minecraft:cooked_beef":2},"minecraft:picked_up":{"minecraft:crafting_table":1,"minecraft:leather":4,"minecraft:porkchop":5,"minecraft:oak_log":6,"minecraft:dirt":6,"minecraft:bone":1,"minecraft:arrow":2,"minecraft:rotten_flesh":4,"minecraft:short_grass":193,"minecraft:beef":18,"minecraft:coal":51,"minecraft:cobblestone":27},"minecraft:crafted":{"minecraft:cooked_beef":17,"minecraft:oak_planks":24,"minecraft:crafting_table":1,"minecraft:stick":12,"minecraft:wooden_pickaxe":1,"minecraft:stone_pickaxe":1,"minecraft:stone_sword":1,"minecraft:furnace":1,"minecraft:torch":8,"minecraft:stone_axe":1,"minecraft:air":0},"minecraft:mined":{"minecraft:crafting_table":1,"minecraft:coal_ore":51,"minecraft:grass_block":4,"minecraft:oak_log":6,"minecraft:dirt":1,"minecraft:stone":27},"minecraft:custom":{"minecraft:time_since_rest":16520,"minecraft:interact_with_furnace":4,"minecraft:sprint_one_cm":27632,"minecraft:damage_taken":146,"minecraft:walk_one_cm":31217,"minecraft:mob_kills":14,"minecraft:drop":6,"minecraft:damage_dealt":1706,"minecraft:interact_with_crafting_table":5,"minecraft:fly_one_cm":56526,"minecraft:crouch_one_cm":500,"minecraft:play_time":16520,"minecraft:sneak_time":155,"minecraft:jump":257,"minecraft:leave_game":1,"minecraft:time_since_death":16520,"minecraft:total_world_time":16520,"minecraft:fall_one_cm":6523},"minecraft:killed":{"minecraft:zombie":3,"minecraft:pig":3,"minecraft:cow":8}},"DataVersion":3955}