{"stats":{"minecraft:crafted":{"minecraft:cooked_beef":17,"minecraft:oak_planks":24,"minecraft:cooked_porkchop":5,"minecraft:crafting_table":2,"minecraft:wooden_pickaxe":1,"minecraft:furnace":1,"minecraft:stone_axe":1,"minecraft:air":0,"minecraft:stick":16,"minecraft:iron_ingot":3,"minecraft:stone_pickaxe":1,"minecraft:stone_sword":1,"minecraft:torch":20},"minecraft:picked_up":{"minecraft:crafting_table":2,"minecraft:azure_bluet":1,"minecraft:leather":16,"minecraft:oak_log":6,"minecraft:yellow_bed":11,"minecraft:map":3,"minecraft:cornflower":3,"minecraft:dirt":6,"minecraft:bone":1,"minecraft:stonecutter":2,"minecraft:wheat_seeds":2,"minecraft:cartography_table":1,"minecraft:bell":2,"minecraft:beef":36,"minecraft:poppy":1,"minecraft:chest":1,"minecraft:furnace":1,"minecraft:torch":1,"minecraft:dandelion":9,"minecraft:gravel":14,"minecraft:porkchop":55,"minecraft:white_bed":4,"minecraft:arrow":2,"minecraft:rotten_flesh":4,"minecraft:short_grass":193,"minecraft:coal":89,"minecraft:cobblestone":39},"minecraft:custom":{"minecraft:interact_with_furnace":5,"minecraft:mob_kills":56,"minecraft:interact_with_crafting_table":10,"minecraft:leave_game":4,"minecraft:time_since_death":44771,"minecraft:sleep_in_bed":7,"minecraft:time_since_rest":1602,"minecraft:sprint_one_cm":112474,"minecraft:damage_taken":216,"minecraft:walk_one_cm":70210,"minecraft:drop":16,"minecraft:damage_dealt":6426,"minecraft:swim_one_cm":12515,"minecraft:talked_to_villager":2,"minecraft:fly_one_cm":199978,"minecraft:open_chest":15,"minecraft:crouch_one_cm":500,"minecraft:play_time":44771,"minecraft:sneak_time":159,"minecraft:walk_under_water_one_cm":659,"minecraft:jump":806,"minecraft:walk_on_water_one_cm":1205,"minecraft:total_world_time":44771,"minecraft:fall_one_cm":29114},"minecraft:mined":{"minecraft:white_bed":4,"minecraft:dandelion":9,"minecraft:crafting_table":2,"minecraft:cornflower":3,"minecraft:short_grass":44,"minecraft:grass_block":4,"minecraft:poppy":1,"minecraft:chest":1,"minecraft:cobblestone":4,"minecraft:cartography_table":1,"minecraft:wall_torch":1,"minecraft:furnace":1,"minecraft:yellow_bed":10,"minecraft:azure_bluet":1,"minecraft:bell":1,"minecraft:oak_log":6,"minecraft:coal_ore":89,"minecraft:gravel":14,"minecraft:dirt":1,"minecraft:stonecutter":2,"minecraft:stone":35},"minecraft:used":{"minecraft:short_grass":1,"minecraft:stone_sword":8,"minecraft:stone_pickaxe":129,"minecraft:chest":1,"minecraft:wooden_pickaxe":3,"minecraft:torch":15,"minecraft:dirt":6,"minecraft:crafting_table":4,"minecraft:stone_axe":65,"minecraft:cobblestone":4,"minecraft:beef":1,"minecraft:furnace":1,"minecraft:yellow_bed":4,"minecraft:cooked_beef":5},"minecraft:killed":{"minecraft:armadillo":1,"minecraft:pig":31,"minecraft:horse":3,"minecraft:zombie":4,"minecraft:cow":17},"minecraft:dropped":{"minecraft:short_grass":192,"minecraft:wheat_seeds":2,"minecraft:rotten_flesh":2,"minecraft:azure_bluet":1,"minecraft:poppy":1,"minecraft:yellow_bed":2,"minecraft:map":3,"minecraft:wooden_pickaxe":1,"minecraft:bell":1,"minecraft:dandelion":9}},"DataVersion":3955}