{"stats":{"minecraft:killed":{"minecraft:horse":3,"minecraft:zombie":3,"minecraft:pig":27,"minecraft:cow":15},"minecraft:custom":{"minecraft:time_since_rest":31846,"minecraft:interact_with_furnace":5,"minecraft:sprint_one_cm":69506,"minecraft:damage_taken":146,"minecraft:walk_one_cm":45254,"minecraft:mob_kills":48,"minecraft:drop":6,"minecraft:damage_dealt":5506,"minecraft:swim_one_cm":6603,"minecraft:interact_with_crafting_table":5,"minecraft:fly_one_cm":140054,"minecraft:crouch_one_cm":500,"minecraft:play_time":31846,"minecraft:sneak_time":159,"minecraft:walk_under_water_one_cm":364,"minecraft:jump":592,"minecraft:leave_game":2,"minecraft:walk_on_water_one_cm":584,"minecraft:time_since_death":31846,"minecraft:total_world_time":31846,"minecraft:fall_one_cm":20601},"minecraft:picked_up":{"minecraft:crafting_table":2,"minecraft:leather":14,"minecraft:porkchop":47,"minecraft:oak_log":6,"minecraft:dirt":6,"minecraft:arrow":2,"minecraft:bone":1,"minecraft:rotten_flesh":4,"minecraft:short_grass":193,"minecraft:beef":34,"minecraft:coal":89,"minecraft:cobblestone":37,"minecraft:furnace":1},"minecraft:mined":{"minecraft:furnace":1,"minecraft:crafting_table":2,"minecraft:grass_block":4,"minecraft:oak_log":6,"minecraft:coal_ore":89,"minecraft:dirt":1,"minecraft:cobblestone":2,"minecraft:stone":35},"minecraft:crafted":{"minecraft:cooked_beef":17,"minecraft:oak_planks":24,"minecraft:cooked_porkchop":5,"minecraft:crafting_table":1,"minecraft:stick":12,"minecraft:wooden_pickaxe":1,"minecraft:stone_pickaxe":1,"minecraft:stone_sword":1,"minecraft:furnace":1,"minecraft:torch":20,"minecraft:stone_axe":1,"minecraft:air":0},"minecraft:dropped":{"minecraft:short_grass":192,"minecraft:rotten_flesh":2,"minecraft:wooden_pickaxe":1},"minecraft:used":{"minecraft:short_grass":1,"minecraft:stone_sword":7,"minecraft:stone_pickaxe":124,"minecraft:wooden_pickaxe":3,"minecraft:torch":14,"minecraft:stone_axe":53,"minecraft:dirt":6,"minecraft:cobblestone":4,"minecraft:beef":1,"minecraft:crafting_table":2,"minecraft:furnace":1,"minecraft:cooked_beef":3}},"DataVersion":3955}