{"stats":{"minecraft:killed":{"minecraft:zombie":3,"minecraft:pig":11,"minecraft:cow":8},"minecraft:custom":{"minecraft:time_since_rest":22465,"minecraft:interact_with_furnace":5,"minecraft:sprint_one_cm":47936,"minecraft:damage_taken":146,"minecraft:walk_one_cm":38758,"minecraft:mob_kills":22,"minecraft:drop":6,"minecraft:damage_dealt":2506,"minecraft:swim_one_cm":4221,"minecraft:interact_with_crafting_table":5,"minecraft:fly_one_cm":99367,"minecraft:crouch_one_cm":500,"minecraft:play_time":22465,"minecraft:sneak_time":159,"minecraft:walk_under_water_one_cm":274,"minecraft:jump":441,"minecraft:leave_game":1,"minecraft:walk_on_water_one_cm":427,"minecraft:time_since_death":22465,"minecraft:total_world_time":22465,"minecraft:fall_one_cm":14006},"minecraft:picked_up":{"minecraft:crafting_table":2,"minecraft:leather":4,"minecraft:porkchop":20,"minecraft:oak_log":6,"minecraft:dirt":6,"minecraft:arrow":2,"minecraft:bone":1,"minecraft:rotten_flesh":4,"minecraft:short_grass":193,"minecraft:beef":18,"minecraft:coal":89,"minecraft:cobblestone":35,"minecraft:furnace":1},"minecraft:mined":{"minecraft:furnace":1,"minecraft:crafting_table":2,"minecraft:grass_block":4,"minecraft:oak_log":6,"minecraft:coal_ore":89,"minecraft:dirt":1,"minecraft:cobblestone":2,"minecraft:stone":33},"minecraft:crafted":{"minecraft:cooked_beef":17,"minecraft:oak_planks":24,"minecraft:cooked_porkchop":5,"minecraft:crafting_table":1,"minecraft:stick":12,"minecraft:wooden_pickaxe":1,"minecraft:stone_pickaxe":1,"minecraft:stone_sword":1,"minecraft:furnace":1,"minecraft:torch":20,"minecraft:stone_axe":1,"minecraft:air":0},"minecraft:dropped":{"minecraft:short_grass":192,"minecraft:rotten_flesh":2,"minecraft:wooden_pickaxe":1},"minecraft:used":{"minecraft:short_grass":1,"minecraft:stone_sword":7,"minecraft:stone_pickaxe":122,"minecraft:wooden_pickaxe":3,"minecraft:torch":14,"minecraft:stone_axe":22,"minecraft:dirt":6,"minecraft:cobblestone":2,"minecraft:beef":1,"minecraft:crafting_table":2,"minecraft:furnace":1,"minecraft:cooked_beef":3}},"DataVersion":3955}