{"stats":{"minecraft:picked_up":{"minecraft:pink_petals":15,"minecraft:iron_chestplate":1,"minecraft:crafting_table":2,"minecraft:azure_bluet":1,"minecraft:oak_log":44,"minecraft:golden_sword":1,"minecraft:yellow_bed":2,"minecraft:cobblestone_stairs":5,"minecraft:dirt":94,"minecraft:raw_copper":24,"minecraft:iron_leggings":1,"minecraft:bone":8,"minecraft:bow":2,"minecraft:wheat_seeds":2,"minecraft:cobbled_deepslate":2,"minecraft:iron_ingot":4,"minecraft:stone_pickaxe":1,"minecraft:oak_planks":13,"minecraft:iron_boots":1,"minecraft:stick":2,"minecraft:raw_iron":18,"minecraft:torch":3,"minecraft:dandelion":4,"minecraft:porkchop":3,"minecraft:diorite":15,"minecraft:arrow":3,"minecraft:stone_axe":1,"minecraft:iron_helmet":2,"minecraft:coal":45,"minecraft:cobblestone":227,"minecraft:oxeye_daisy":3},"minecraft:used":{"minecraft:cobblestone_stairs":45,"minecraft:stone_pickaxe":55,"minecraft:stone_shovel":70,"minecraft:oak_planks":13,"minecraft:chest":1,"minecraft:wooden_pickaxe":6,"minecraft:torch":15,"minecraft:dirt":92,"minecraft:crafting_table":3,"minecraft:wooden_axe":46,"minecraft:iron_pickaxe":251,"minecraft:stone_axe":1,"minecraft:golden_sword":6,"minecraft:cobblestone":51,"minecraft:furnace":1,"minecraft:cooked_porkchop":3},"minecraft:custom":{"minecraft:interact_with_furnace":4,"minecraft:mob_kills":5,"minecraft:interact_with_crafting_table":12,"minecraft:leave_game":2,"minecraft:time_since_death":2945,"minecraft:sleep_in_bed":1,"minecraft:time_since_rest":2517,"minecraft:sprint_one_cm":107417,"minecraft:damage_taken":524,"minecraft:walk_one_cm":92229,"minecraft:drop":7,"minecraft:damage_dealt":1308,"minecraft:fly_one_cm":61724,"minecraft:open_chest":13,"minecraft:crouch_one_cm":2585,"minecraft:play_time":34849,"minecraft:deaths":1,"minecraft:sneak_time":1050,"minecraft:jump":431,"minecraft:walk_on_water_one_cm":12,"minecraft:total_world_time":34849,"minecraft:fall_one_cm":8962},"minecraft:mined":{"minecraft:cobblestone_stairs":6,"minecraft:dandelion":3,"minecraft:crafting_table":2,"minecraft:short_grass":1,"minecraft:grass_block":56,"minecraft:copper_ore":8,"minecraft:oak_planks":13,"minecraft:diorite":19,"minecraft:oxeye_daisy":3,"minecraft:wall_torch":2,"minecraft:pink_petals":4,"minecraft:iron_ore":2,"minecraft:yellow_bed":1,"minecraft:oak_log":26,"minecraft:coal_ore":47,"minecraft:deepslate_iron_ore":9,"minecraft:dirt_path":1,"minecraft:dirt":30,"minecraft:stone":215,"minecraft:oak_leaves":4,"minecraft:deepslate":2},"minecraft:crafted":{"minecraft:oak_planks":32,"minecraft:stone_shovel":1,"minecraft:cooked_porkchop":3,"minecraft:crafting_table":1,"minecraft:wooden_pickaxe":1,"minecraft:furnace":1,"minecraft:cobblestone_stairs":40,"minecraft:stone_axe":1,"minecraft:air":0,"minecraft:stick":16,"minecraft:iron_pickaxe":1,"minecraft:stone_pickaxe":1,"minecraft:wooden_axe":1,"minecraft:chest":1,"minecraft:torch":12},"minecraft:dropped":{"minecraft:azure_bluet":1,"minecraft:coal":1,"minecraft:oxeye_daisy":2,"minecraft:pink_petals":3},"minecraft:broken":{"minecraft:iron_pickaxe":1,"minecraft:wooden_axe":1},"minecraft:killed":{"minecraft:pig":1,"minecraft:iron_golem":1,"minecraft:horse":1,"minecraft:skeleton":1},"minecraft:killed_by":{"minecraft:zombie":1}},"DataVersion":3955}